Date,Mean_T,sensor
2017-04-28,23.2,02:00:00:28:8c:e6
2017-04-28,23.2,03:00:00:02:c5:f8
2017-04-28,23.2,03:00:00:05:05:30
2017-04-29,21.9,02:00:00:28:8c:e6
2017-04-29,21.9,03:00:00:02:c5:f8
2017-04-29,21.9,03:00:00:05:05:30
2017-04-30,23.9,02:00:00:28:8c:e6
2017-04-30,23.9,03:00:00:02:c5:f8
2017-04-30,23.9,03:00:00:05:05:30
2017-05-01,24.8,02:00:00:28:8c:e6
2017-05-01,24.8,03:00:00:02:c5:f8
2017-05-01,24.8,03:00:00:05:05:30
2017-05-02,23.1,02:00:00:28:8c:e6
2017-05-02,23.1,03:00:00:02:c5:f8
2017-05-02,23.1,03:00:00:05:05:30
2017-05-03,24.3,02:00:00:28:8c:e6
2017-05-03,24.3,03:00:00:02:c5:f8
2017-05-03,24.3,03:00:00:05:05:30
2017-05-04,23.7,02:00:00:28:8c:e6
2017-05-04,23.7,03:00:00:02:c5:f8
2017-05-04,23.7,03:00:00:05:05:30
2017-05-05,26.7,02:00:00:28:8c:e6
2017-05-05,26.7,03:00:00:02:c5:f8
2017-05-05,26.7,03:00:00:05:05:30
2017-05-06,24.2,02:00:00:28:8c:e6
2017-05-06,24.2,03:00:00:02:c5:f8
2017-05-06,24.2,03:00:00:05:05:30
2017-05-07,25.6,02:00:00:28:8c:e6
2017-05-07,25.6,03:00:00:02:c5:f8
2017-05-07,25.6,03:00:00:05:05:30
2017-05-08,26.2,02:00:00:28:8c:e6
2017-05-08,26.2,03:00:00:02:c5:f8
2017-05-08,26.2,03:00:00:05:05:30
2017-05-09,22.0,02:00:00:28:8c:e6
2017-05-09,22.0,03:00:00:02:c5:f8
2017-05-09,22.0,03:00:00:05:05:30
2017-05-10,26.0,02:00:00:28:8c:e6
2017-05-10,26.0,03:00:00:02:c5:f8
2017-05-10,26.0,03:00:00:05:05:30
2017-05-11,26.1,02:00:00:28:8c:e6
2017-05-11,26.1,03:00:00:02:c5:f8
2017-05-11,26.1,03:00:00:05:05:30
2017-05-12,25.1,02:00:00:28:8c:e6
2017-05-12,25.1,03:00:00:02:c5:f8
2017-05-12,25.1,03:00:00:05:05:30
2017-05-13,20.5,02:00:00:28:8c:e6
2017-05-13,20.5,03:00:00:02:c5:f8
2017-05-13,20.5,03:00:00:05:05:30
2017-05-14,25.3,02:00:00:28:8c:e6
2017-05-14,25.3,03:00:00:02:c5:f8
2017-05-14,25.3,03:00:00:05:05:30
2017-05-15,25.3,02:00:00:28:8c:e6
2017-05-15,25.3,03:00:00:02:c5:f8
2017-05-15,25.3,03:00:00:05:05:30
2017-05-16,18.9,02:00:00:28:8c:e6
2017-05-16,18.9,03:00:00:02:c5:f8
2017-05-16,18.9,03:00:00:05:05:30
2017-05-17,22.4,02:00:00:28:8c:e6
2017-05-17,22.4,03:00:00:02:c5:f8
2017-05-17,22.4,03:00:00:05:05:30
2017-05-18,24.0,02:00:00:28:8c:e6
2017-05-18,24.0,03:00:00:02:c5:f8
2017-05-18,24.0,03:00:00:05:05:30
2017-05-19,25.9,02:00:00:28:8c:e6
2017-05-19,25.9,03:00:00:02:c5:f8
2017-05-19,25.9,03:00:00:05:05:30
2017-05-20,25.9,02:00:00:28:8c:e6
2017-05-20,25.9,03:00:00:02:c5:f8
2017-05-20,25.9,03:00:00:05:05:30
2017-05-21,26.9,02:00:00:28:8c:e6
2017-05-21,26.9,03:00:00:02:c5:f8
2017-05-21,26.9,03:00:00:05:05:30
2017-05-22,27.6,02:00:00:28:8c:e6
2017-05-22,27.6,03:00:00:02:c5:f8
2017-05-22,27.6,03:00:00:05:05:30
2017-05-23,27.5,02:00:00:28:8c:e6
2017-05-23,27.5,03:00:00:02:c5:f8
2017-05-23,27.5,03:00:00:05:05:30
2017-05-24,24.5,02:00:00:28:8c:e6
2017-05-24,24.5,03:00:00:02:c5:f8
2017-05-24,24.5,03:00:00:05:05:30
2017-05-25,25.2,02:00:00:28:8c:e6
2017-05-25,25.2,03:00:00:02:c5:f8
2017-05-25,25.2,03:00:00:05:05:30
2017-05-26,26.6,02:00:00:28:8c:e6
2017-05-26,26.6,03:00:00:02:c5:f8
2017-05-26,26.6,03:00:00:05:05:30
2017-05-27,24.7,02:00:00:28:8c:e6
2017-05-27,24.7,03:00:00:02:c5:f8
2017-05-27,24.7,03:00:00:05:05:30
2017-05-28,24.1,02:00:00:28:8c:e6
2017-05-28,24.1,03:00:00:02:c5:f8
2017-05-28,24.1,03:00:00:05:05:30
2017-05-29,26.3,02:00:00:28:8c:e6
2017-05-29,26.3,03:00:00:02:c5:f8
2017-05-29,26.3,03:00:00:05:05:30
2017-05-30,26.7,02:00:00:28:8c:e6
2017-05-30,26.7,03:00:00:02:c5:f8
2017-05-30,26.7,03:00:00:05:05:30
2017-05-31,27.9,02:00:00:28:8c:e6
2017-05-31,27.9,03:00:00:02:c5:f8
2017-05-31,27.9,03:00:00:05:05:30
2017-06-01,27.5,02:00:00:28:8c:e6
2017-06-02,23.7,02:00:00:28:8c:e6
2017-06-03,23.4,02:00:00:28:8c:e6
2017-06-04,24.0,02:00:00:28:8c:e6
2017-06-05,24.1,02:00:00:28:8c:e6
2017-06-06,24.3,02:00:00:28:8c:e6
2017-06-07,23.0,02:00:00:28:8c:e6
2017-06-08,24.6,02:00:00:28:8c:e6
2017-06-09,25.7,02:00:00:28:8c:e6
2017-06-10,26.2,02:00:00:28:8c:e6
2017-06-11,22.5,02:00:00:28:8c:e6
2017-06-12,23.3,02:00:00:28:8c:e6
2017-06-13,23.3,02:00:00:28:8c:e6
2017-06-14,24.8,02:00:00:28:8c:e6
2017-06-15,25.1,02:00:00:28:8c:e6
2017-06-16,25.2,02:00:00:28:8c:e6
2017-06-17,24.8,02:00:00:28:8c:e6
2017-06-18,24.6,02:00:00:28:8c:e6
2017-06-19,26.0,02:00:00:28:8c:e6
2017-06-20,26.1,02:00:00:28:8c:e6
2017-06-21,26.6,02:00:00:28:8c:e6
2017-06-22,26.8,02:00:00:28:8c:e6
2017-06-23,27.6,02:00:00:28:8c:e6
2017-06-24,26.2,02:00:00:28:8c:e6
2017-06-25,25.6,02:00:00:28:8c:e6
2017-06-26,26.1,02:00:00:28:8c:e6
2017-06-27,26.7,02:00:00:28:8c:e6
2017-06-28,28.3,02:00:00:28:8c:e6
2017-06-29,27.8,02:00:00:28:8c:e6
2017-06-30,24.5,02:00:00:18:fb:78
2017-06-30,25.2,02:00:00:19:22:6a
2017-06-30,20.4,02:00:00:21:01:52
2017-06-30,30.5,02:00:00:21:0a:9e
2017-06-30,32.5,02:00:00:27:38:c2
2017-06-30,28.8,02:00:00:28:8c:e6
2017-06-30,28.9,03:00:00:02:c5:f8
2017-06-30,28.6,03:00:00:02:c6:44
2017-06-30,23.9,03:00:00:03:0e:48
2017-06-30,21.4,03:00:00:04:15:7a
2017-06-30,25.4,70:ee:50:19:09:8a
2017-06-30,25.6,70:ee:50:19:1a:18
2017-06-30,27.2,70:ee:50:19:3f:10
2017-06-30,25.2,70:ee:50:20:ad:96
2017-06-30,31.8,70:ee:50:20:b1:6c
2017-06-30,29.8,70:ee:50:27:49:2e
2017-07-01,24.6,02:00:00:18:fb:78
2017-07-01,21.6,02:00:00:19:22:6a
2017-07-01,22.0,02:00:00:21:01:52
2017-07-01,25.6,02:00:00:21:0a:9e
2017-07-01,34.7,02:00:00:27:38:c2
2017-07-01,29.3,02:00:00:28:8c:e6
2017-07-01,29.4,03:00:00:02:c5:f8
2017-07-01,24.2,03:00:00:02:c6:44
2017-07-01,22.2,03:00:00:03:0e:48
2017-07-01,20.8,03:00:00:04:15:7a
2017-07-01,24.8,70:ee:50:19:09:8a
2017-07-01,25.5,70:ee:50:19:1a:18
2017-07-01,24.0,70:ee:50:19:3f:10
2017-07-01,25.4,70:ee:50:20:ad:96
2017-07-01,26.4,70:ee:50:20:b1:6c
2017-07-01,30.5,70:ee:50:27:49:2e
2017-07-02,29.0,02:00:00:18:fb:78
2017-07-02,23.1,02:00:00:21:01:52
2017-07-02,30.0,02:00:00:21:0a:9e
2017-07-02,27.8,02:00:00:27:38:c2
2017-07-02,29.1,02:00:00:28:8c:e6
2017-07-02,26.2,03:00:00:02:c5:f8
2017-07-02,29.2,03:00:00:02:c6:44
2017-07-02,21.9,03:00:00:04:15:7a
2017-07-02,26.0,70:ee:50:19:09:8a
2017-07-02,29.2,70:ee:50:19:1a:18
2017-07-02,27.4,70:ee:50:20:ad:96
2017-07-02,31.4,70:ee:50:20:b1:6c
2017-07-02,26.6,70:ee:50:27:49:2e
2017-07-03,32.4,02:00:00:18:fb:78
2017-07-03,21.9,02:00:00:21:01:52
2017-07-03,30.4,02:00:00:21:0a:9e
2017-07-03,29.2,02:00:00:28:8c:e6
2017-07-03,29.2,03:00:00:02:c6:44
2017-07-03,20.5,03:00:00:04:15:7a
2017-07-03,24.5,70:ee:50:19:09:8a
2017-07-03,31.7,70:ee:50:19:1a:18
2017-07-03,26.7,70:ee:50:20:ad:96
2017-07-03,31.8,70:ee:50:20:b1:6c
2017-07-04,28.8,02:00:00:18:fb:78
2017-07-04,24.9,02:00:00:19:22:6a
2017-07-04,19.4,02:00:00:21:01:52
2017-07-04,30.1,02:00:00:21:0a:9e
2017-07-04,33.1,02:00:00:27:38:c2
2017-07-04,28.8,02:00:00:28:8c:e6
2017-07-04,28.9,03:00:00:02:c5:f8
2017-07-04,28.2,03:00:00:02:c6:44
2017-07-04,24.5,03:00:00:03:0e:48
2017-07-04,19.7,03:00:00:04:15:7a
2017-07-04,24.8,70:ee:50:19:09:8a
2017-07-04,28.7,70:ee:50:19:1a:18
2017-07-04,26.8,70:ee:50:19:3f:10
2017-07-04,24.8,70:ee:50:20:ad:96
2017-07-04,31.1,70:ee:50:20:b1:6c
2017-07-04,30.1,70:ee:50:27:49:2e
2017-07-05,31.5,02:00:00:18:fb:78
2017-07-05,27.1,02:00:00:19:22:6a
2017-07-05,23.1,02:00:00:21:01:52
2017-07-05,29.6,02:00:00:21:0a:9e
2017-07-05,31.2,02:00:00:27:38:c2
2017-07-05,28.0,02:00:00:28:8c:e6
2017-07-05,28.6,03:00:00:02:c5:f8
2017-07-05,30.0,03:00:00:02:c6:44
2017-07-05,25.9,03:00:00:03:0e:48
2017-07-05,22.4,03:00:00:04:15:7a
2017-07-05,25.1,70:ee:50:19:09:8a
2017-07-05,30.1,70:ee:50:19:1a:18
2017-07-05,31.1,70:ee:50:19:3f:10
2017-07-05,25.2,70:ee:50:20:ad:96
2017-07-05,30.9,70:ee:50:20:b1:6c
2017-07-05,28.7,70:ee:50:27:49:2e
2017-07-06,31.3,02:00:00:18:fb:78
2017-07-06,26.5,02:00:00:19:22:6a
2017-07-06,24.6,02:00:00:21:01:52
2017-07-06,29.1,02:00:00:21:0a:9e
2017-07-06,33.8,02:00:00:27:38:c2
2017-07-06,27.3,02:00:00:28:8c:e6
2017-07-06,27.7,03:00:00:02:c5:f8
2017-07-06,28.4,03:00:00:02:c6:44
2017-07-06,24.6,03:00:00:03:0e:48
2017-07-06,24.2,03:00:00:04:15:7a
2017-07-06,24.8,70:ee:50:19:09:8a
2017-07-06,30.4,70:ee:50:19:1a:18
2017-07-06,28.4,70:ee:50:19:3f:10
2017-07-06,26.9,70:ee:50:20:ad:96
2017-07-06,30.3,70:ee:50:20:b1:6c
2017-07-06,28.9,70:ee:50:27:49:2e
2017-07-07,32.4,02:00:00:18:fb:78
2017-07-07,28.8,02:00:00:19:22:6a
2017-07-07,26.0,02:00:00:21:01:52
2017-07-07,30.8,02:00:00:21:0a:9e
2017-07-07,33.4,02:00:00:27:38:c2
2017-07-07,29.4,02:00:00:27:39:82
2017-07-07,25.1,02:00:00:28:8c:e6
2017-07-07,28.0,03:00:00:02:c5:f8
2017-07-07,30.7,03:00:00:02:c6:44
2017-07-07,25.8,03:00:00:03:0e:48
2017-07-07,26.0,03:00:00:04:15:7a
2017-07-07,29.4,03:00:00:04:1a:d0
2017-07-07,29.2,03:00:00:04:f2:00
2017-07-07,29.2,03:00:00:05:05:30
2017-07-07,24.9,70:ee:50:19:09:8a
2017-07-07,31.8,70:ee:50:19:1a:18
2017-07-07,30.4,70:ee:50:19:3f:10
2017-07-07,29.0,70:ee:50:20:ad:96
2017-07-07,32.1,70:ee:50:20:b1:6c
2017-07-07,29.3,70:ee:50:27:2e:da
2017-07-07,28.9,70:ee:50:27:49:2e
2017-07-07,29.6,70:ee:50:28:e8:40
2017-07-08,33.7,02:00:00:18:fb:78
2017-07-08,29.6,02:00:00:19:22:6a
2017-07-08,25.7,02:00:00:21:01:52
2017-07-08,30.6,02:00:00:21:0a:9e
2017-07-08,35.6,02:00:00:27:38:c2
2017-07-08,28.7,02:00:00:27:39:82
2017-07-08,29.0,02:00:00:28:8c:e6
2017-07-08,28.8,03:00:00:02:c5:f8
2017-07-08,31.8,03:00:00:02:c6:44
2017-07-08,26.4,03:00:00:03:0e:48
2017-07-08,26.3,03:00:00:04:15:7a
2017-07-08,29.1,03:00:00:04:1a:d0
2017-07-08,29.2,03:00:00:04:f2:00
2017-07-08,29.3,03:00:00:05:05:30
2017-07-08,26.1,70:ee:50:19:09:8a
2017-07-08,32.6,70:ee:50:19:1a:18
2017-07-08,31.6,70:ee:50:19:3f:10
2017-07-08,25.1,70:ee:50:20:ad:96
2017-07-08,31.9,70:ee:50:20:b1:6c
2017-07-08,29.1,70:ee:50:27:2e:da
2017-07-08,28.9,70:ee:50:27:49:2e
2017-07-08,29.6,70:ee:50:28:e8:40
2017-07-09,32.5,02:00:00:18:fb:78
2017-07-09,28.9,02:00:00:19:22:6a
2017-07-09,25.4,02:00:00:21:01:52
2017-07-09,31.1,02:00:00:21:0a:9e
2017-07-09,31.1,02:00:00:27:38:c2
2017-07-09,27.8,02:00:00:27:39:82
2017-07-09,28.3,02:00:00:28:8c:e6
2017-07-09,28.0,03:00:00:02:c5:f8
2017-07-09,31.5,03:00:00:02:c6:44
2017-07-09,26.2,03:00:00:03:0e:48
2017-07-09,27.1,03:00:00:04:15:7a
2017-07-09,28.2,03:00:00:04:1a:d0
2017-07-09,28.1,03:00:00:04:f2:00
2017-07-09,28.6,03:00:00:05:05:30
2017-07-09,25.2,70:ee:50:19:09:8a
2017-07-09,31.7,70:ee:50:19:1a:18
2017-07-09,30.4,70:ee:50:19:3f:10
2017-07-09,27.0,70:ee:50:20:ad:96
2017-07-09,32.1,70:ee:50:20:b1:6c
2017-07-09,27.4,70:ee:50:27:2e:da
2017-07-09,28.2,70:ee:50:27:49:2e
2017-07-09,28.7,70:ee:50:28:e8:40
2017-07-10,31.7,02:00:00:18:fb:78
2017-07-10,28.8,02:00:00:19:22:6a
2017-07-10,27.6,02:00:00:21:01:52
2017-07-10,31.7,02:00:00:21:0a:9e
2017-07-10,34.9,02:00:00:27:38:c2
2017-07-10,29.0,02:00:00:27:39:82
2017-07-10,29.0,02:00:00:28:8c:e6
2017-07-10,29.0,03:00:00:02:c5:f8
2017-07-10,31.1,03:00:00:02:c6:44
2017-07-10,26.2,03:00:00:03:0e:48
2017-07-10,26.8,03:00:00:04:15:7a
2017-07-10,29.2,03:00:00:04:1a:d0
2017-07-10,29.5,03:00:00:04:f2:00
2017-07-10,29.4,03:00:00:05:05:30
2017-07-10,23.6,70:ee:50:19:09:8a
2017-07-10,31.5,70:ee:50:19:1a:18
2017-07-10,30.5,70:ee:50:19:3f:10
2017-07-10,29.7,70:ee:50:20:ad:96
2017-07-10,32.8,70:ee:50:20:b1:6c
2017-07-10,29.1,70:ee:50:27:2e:da
2017-07-10,29.1,70:ee:50:27:49:2e
2017-07-10,29.4,70:ee:50:28:e8:40
2017-07-11,30.8,02:00:00:18:fb:78
2017-07-11,28.6,02:00:00:19:22:6a
2017-07-11,22.8,02:00:00:21:01:52
2017-07-11,32.9,02:00:00:21:0a:9e
2017-07-11,36.7,02:00:00:27:38:c2
2017-07-11,29.3,02:00:00:27:39:82
2017-07-11,29.5,02:00:00:28:8c:e6
2017-07-11,29.5,03:00:00:02:c5:f8
2017-07-11,31.5,03:00:00:02:c6:44
2017-07-11,26.9,03:00:00:03:0e:48
2017-07-11,25.0,03:00:00:04:15:7a
2017-07-11,29.9,03:00:00:04:1a:d0
2017-07-11,30.0,03:00:00:04:f2:00
2017-07-11,29.8,03:00:00:05:05:30
2017-07-11,24.1,70:ee:50:19:09:8a
2017-07-11,31.5,70:ee:50:19:1a:18
2017-07-11,30.1,70:ee:50:19:3f:10
2017-07-11,28.6,70:ee:50:20:ad:96
2017-07-11,33.8,70:ee:50:20:b1:6c
2017-07-11,30.1,70:ee:50:27:2e:da
2017-07-11,29.8,70:ee:50:27:49:2e
2017-07-11,30.1,70:ee:50:28:e8:40
2017-07-12,32.0,02:00:00:18:fb:78
2017-07-12,31.0,02:00:00:19:22:6a
2017-07-12,25.9,02:00:00:21:01:52
2017-07-12,34.1,02:00:00:21:0a:9e
2017-07-12,26.2,02:00:00:27:38:c2
2017-07-12,25.2,02:00:00:27:39:82
2017-07-12,25.3,02:00:00:28:8c:e6
2017-07-12,25.0,03:00:00:02:c5:f8
2017-07-12,33.8,03:00:00:02:c6:44
2017-07-12,29.5,03:00:00:03:0e:48
2017-07-12,27.5,03:00:00:04:15:7a
2017-07-12,25.2,03:00:00:04:1a:d0
2017-07-12,25.2,03:00:00:04:f2:00
2017-07-12,25.2,03:00:00:05:05:30
2017-07-12,25.2,70:ee:50:19:09:8a
2017-07-12,32.1,70:ee:50:19:1a:18
2017-07-12,35.4,70:ee:50:19:3f:10
2017-07-12,28.1,70:ee:50:20:ad:96
2017-07-12,35.4,70:ee:50:20:b1:6c
2017-07-12,24.9,70:ee:50:27:2e:da
2017-07-12,24.9,70:ee:50:27:49:2e
2017-07-12,25.3,70:ee:50:28:e8:40
2017-07-13,30.4,02:00:00:18:fb:78
2017-07-13,29.4,02:00:00:19:22:6a
2017-07-13,25.4,02:00:00:21:01:52
2017-07-13,33.7,02:00:00:21:0a:9e
2017-07-13,32.4,03:00:00:02:c6:44
2017-07-13,29.5,03:00:00:03:0e:48
2017-07-13,25.4,03:00:00:04:15:7a
2017-07-13,24.7,70:ee:50:19:09:8a
2017-07-13,30.9,70:ee:50:19:1a:18
2017-07-13,34.9,70:ee:50:19:3f:10
2017-07-13,29.2,70:ee:50:20:ad:96
2017-07-13,35.0,70:ee:50:20:b1:6c
2017-07-14,32.4,02:00:00:18:fb:78
2017-07-14,29.2,02:00:00:19:22:6a
2017-07-14,24.6,02:00:00:21:01:52
2017-07-14,35.0,02:00:00:21:0a:9e
2017-07-14,32.1,03:00:00:02:c6:44
2017-07-14,28.7,03:00:00:03:0e:48
2017-07-14,25.8,03:00:00:04:15:7a
2017-07-14,24.4,70:ee:50:19:09:8a
2017-07-14,32.2,70:ee:50:19:1a:18
2017-07-14,33.7,70:ee:50:19:3f:10
2017-07-14,28.0,70:ee:50:20:ad:96
2017-07-14,36.6,70:ee:50:20:b1:6c
2017-07-15,33.7,02:00:00:18:fb:78
2017-07-15,29.2,02:00:00:19:22:6a
2017-07-15,28.3,02:00:00:21:01:52
2017-07-15,34.0,02:00:00:21:0a:9e
2017-07-15,33.1,03:00:00:02:c6:44
2017-07-15,28.1,03:00:00:03:0e:48
2017-07-15,26.4,03:00:00:04:15:7a
2017-07-15,23.8,70:ee:50:19:09:8a
2017-07-15,33.2,70:ee:50:19:1a:18
2017-07-15,33.1,70:ee:50:19:3f:10
2017-07-15,28.7,70:ee:50:20:ad:96
2017-07-15,35.2,70:ee:50:20:b1:6c
2017-07-16,33.9,02:00:00:18:fb:78
2017-07-16,29.0,02:00:00:19:22:6a
2017-07-16,23.8,02:00:00:21:01:52
2017-07-16,34.8,02:00:00:21:0a:9e
2017-07-16,33.6,02:00:00:27:38:c2
2017-07-16,28.7,02:00:00:27:39:82
2017-07-16,28.8,02:00:00:28:8c:e6
2017-07-16,28.5,03:00:00:02:c5:f8
2017-07-16,33.0,03:00:00:02:c6:44
2017-07-16,27.5,03:00:00:03:0e:48
2017-07-16,24.6,03:00:00:04:15:7a
2017-07-16,29.4,03:00:00:04:1a:d0
2017-07-16,28.7,03:00:00:04:f2:00
2017-07-16,29.0,03:00:00:05:05:30
2017-07-16,25.2,70:ee:50:19:09:8a
2017-07-16,33.4,70:ee:50:19:1a:18
2017-07-16,32.4,70:ee:50:19:3f:10
2017-07-16,26.6,70:ee:50:20:ad:96
2017-07-16,36.5,70:ee:50:20:b1:6c
2017-07-16,29.6,70:ee:50:27:2e:da
2017-07-16,32.1,70:ee:50:27:49:2e
2017-07-16,30.7,70:ee:50:28:e8:40
2017-07-17,34.6,02:00:00:18:fb:78
2017-07-17,30.2,02:00:00:19:22:6a
2017-07-17,22.6,02:00:00:21:01:52
2017-07-17,36.8,02:00:00:21:0a:9e
2017-07-17,33.5,02:00:00:27:38:c2
2017-07-17,29.6,02:00:00:27:39:82
2017-07-17,29.4,02:00:00:28:8c:e6
2017-07-17,29.7,03:00:00:02:c5:f8
2017-07-17,34.4,03:00:00:02:c6:44
2017-07-17,28.2,03:00:00:03:0e:48
2017-07-17,23.2,03:00:00:04:15:7a
2017-07-17,29.5,03:00:00:04:1a:d0
2017-07-17,29.5,03:00:00:04:f2:00
2017-07-17,29.8,03:00:00:05:05:30
2017-07-17,24.6,70:ee:50:19:09:8a
2017-07-17,34.5,70:ee:50:19:1a:18
2017-07-17,34.0,70:ee:50:19:3f:10
2017-07-17,24.1,70:ee:50:20:ad:96
2017-07-17,38.4,70:ee:50:20:b1:6c
2017-07-17,29.4,70:ee:50:27:2e:da
2017-07-17,29.5,70:ee:50:27:49:2e
2017-07-17,29.6,70:ee:50:28:e8:40
2017-07-18,33.0,02:00:00:18:fb:78
2017-07-18,27.3,02:00:00:19:22:6a
2017-07-18,18.4,02:00:00:21:01:52
2017-07-18,35.9,02:00:00:21:0a:9e
2017-07-18,31.7,02:00:00:27:38:c2
2017-07-18,28.4,02:00:00:27:39:82
2017-07-18,28.2,02:00:00:28:8c:e6
2017-07-18,28.4,03:00:00:02:c5:f8
2017-07-18,32.4,03:00:00:02:c6:44
2017-07-18,27.2,03:00:00:03:0e:48
2017-07-18,21.1,03:00:00:04:15:7a
2017-07-18,28.6,03:00:00:04:1a:d0
2017-07-18,28.3,03:00:00:04:f2:00
2017-07-18,28.5,03:00:00:05:05:30
2017-07-18,24.9,70:ee:50:19:09:8a
2017-07-18,31.6,70:ee:50:19:1a:18
2017-07-18,31.4,70:ee:50:19:3f:10
2017-07-18,23.5,70:ee:50:20:ad:96
2017-07-18,37.7,70:ee:50:20:b1:6c
2017-07-18,28.6,70:ee:50:27:2e:da
2017-07-18,28.3,70:ee:50:27:49:2e
2017-07-18,28.5,70:ee:50:28:e8:40
2017-07-19,30.4,02:00:00:18:fb:78
2017-07-19,26.6,02:00:00:19:22:6a
2017-07-19,19.5,02:00:00:21:01:52
2017-07-19,35.2,02:00:00:27:38:c2
2017-07-19,29.6,02:00:00:27:39:82
2017-07-19,29.7,02:00:00:28:8c:e6
2017-07-19,29.4,03:00:00:02:c5:f8
2017-07-19,24.9,03:00:00:03:0e:48
2017-07-19,21.2,03:00:00:04:15:7a
2017-07-19,29.7,03:00:00:04:1a:d0
2017-07-19,30.0,03:00:00:04:f2:00
2017-07-19,29.8,03:00:00:05:05:30
2017-07-19,24.1,70:ee:50:19:09:8a
2017-07-19,29.9,70:ee:50:19:1a:18
2017-07-19,28.9,70:ee:50:19:3f:10
2017-07-19,22.7,70:ee:50:20:ad:96
2017-07-19,30.1,70:ee:50:27:2e:da
2017-07-19,29.3,70:ee:50:27:49:2e
2017-07-19,29.7,70:ee:50:28:e8:40
2017-07-20,31.3,02:00:00:18:fb:78
2017-07-20,29.5,02:00:00:19:22:6a
2017-07-20,21.1,02:00:00:21:01:52
2017-07-20,34.8,02:00:00:27:38:c2
2017-07-20,28.8,02:00:00:27:39:82
2017-07-20,29.0,02:00:00:28:8c:e6
2017-07-20,28.6,03:00:00:02:c5:f8
2017-07-20,26.7,03:00:00:03:0e:48
2017-07-20,21.5,03:00:00:04:15:7a
2017-07-20,29.1,03:00:00:04:1a:d0
2017-07-20,29.6,03:00:00:04:f2:00
2017-07-20,28.9,03:00:00:05:05:30
2017-07-20,23.8,70:ee:50:19:09:8a
2017-07-20,31.8,70:ee:50:19:1a:18
2017-07-20,30.8,70:ee:50:19:3f:10
2017-07-20,22.8,70:ee:50:20:ad:96
2017-07-20,29.6,70:ee:50:27:2e:da
2017-07-20,28.6,70:ee:50:27:49:2e
2017-07-20,28.9,70:ee:50:28:e8:40
2017-07-21,28.6,02:00:00:18:fb:78
2017-07-21,30.2,02:00:00:19:22:6a
2017-07-21,24.6,02:00:00:21:01:52
2017-07-21,35.4,02:00:00:27:38:c2
2017-07-21,30.2,02:00:00:27:39:82
2017-07-21,30.4,02:00:00:28:8c:e6
2017-07-21,29.9,03:00:00:02:c5:f8
2017-07-21,28.2,03:00:00:03:0e:48
2017-07-21,23.9,03:00:00:04:15:7a
2017-07-21,30.8,03:00:00:04:1a:d0
2017-07-21,31.2,03:00:00:04:f2:00
2017-07-21,30.5,03:00:00:05:05:30
2017-07-21,22.9,70:ee:50:19:09:8a
2017-07-21,28.8,70:ee:50:19:1a:18
2017-07-21,32.8,70:ee:50:19:3f:10
2017-07-21,26.3,70:ee:50:20:ad:96
2017-07-21,31.1,70:ee:50:27:2e:da
2017-07-21,30.1,70:ee:50:27:49:2e
2017-07-21,30.5,70:ee:50:28:e8:40
2017-07-22,29.6,02:00:00:19:22:6a
2017-07-22,24.6,02:00:00:21:01:52
2017-07-22,35.4,02:00:00:27:38:c2
2017-07-22,29.9,02:00:00:27:39:82
2017-07-22,30.2,02:00:00:28:8c:e6
2017-07-22,29.8,03:00:00:02:c5:f8
2017-07-22,27.9,03:00:00:03:0e:48
2017-07-22,24.2,03:00:00:04:15:7a
2017-07-22,30.4,03:00:00:04:1a:d0
2017-07-22,30.6,03:00:00:04:f2:00
2017-07-22,30.6,03:00:00:05:05:30
2017-07-22,23.9,70:ee:50:19:09:8a
2017-07-22,32.2,70:ee:50:19:3f:10
2017-07-22,27.8,70:ee:50:20:ad:96
2017-07-22,30.3,70:ee:50:27:2e:da
2017-07-22,29.3,70:ee:50:27:49:2e
2017-07-22,30.1,70:ee:50:28:e8:40
2017-07-23,25.4,02:00:00:19:22:6a
2017-07-23,25.2,02:00:00:21:01:52
2017-07-23,34.2,02:00:00:27:38:c2
2017-07-23,29.7,02:00:00:27:39:82
2017-07-23,29.6,02:00:00:28:8c:e6
2017-07-23,29.7,03:00:00:02:c5:f8
2017-07-23,25.2,03:00:00:03:0e:48
2017-07-23,26.4,03:00:00:04:15:7a
2017-07-23,30.4,03:00:00:04:1a:d0
2017-07-23,30.9,03:00:00:04:f2:00
2017-07-23,29.8,03:00:00:05:05:30
2017-07-23,25.1,70:ee:50:19:09:8a
2017-07-23,27.0,70:ee:50:19:3f:10
2017-07-23,27.2,70:ee:50:20:ad:96
2017-07-23,30.7,70:ee:50:27:2e:da
2017-07-23,29.6,70:ee:50:27:49:2e
2017-07-23,30.2,70:ee:50:28:e8:40
2017-07-24,27.0,02:00:00:19:22:6a
2017-07-24,23.9,02:00:00:21:01:52
2017-07-24,29.1,03:00:00:02:c5:f8
2017-07-24,26.6,03:00:00:03:0e:48
2017-07-24,24.3,03:00:00:04:15:7a
2017-07-24,30.4,03:00:00:04:1a:d0
2017-07-24,31.0,03:00:00:04:f2:00
2017-07-24,29.7,03:00:00:05:05:30
2017-07-24,24.4,70:ee:50:19:09:8a
2017-07-24,30.5,70:ee:50:19:3f:10
2017-07-24,26.1,70:ee:50:20:ad:96
2017-07-24,30.5,70:ee:50:27:2e:da
2017-07-24,29.4,70:ee:50:27:49:2e
2017-07-24,30.1,70:ee:50:28:e8:40
2017-07-25,28.5,02:00:00:19:22:6a
2017-07-25,22.4,02:00:00:21:01:52
2017-07-25,33.4,02:00:00:21:0a:9e
2017-07-25,34.1,02:00:00:27:38:c2
2017-07-25,29.7,02:00:00:27:39:82
2017-07-25,30.0,02:00:00:28:8c:e6
2017-07-25,29.6,03:00:00:02:c5:f8
2017-07-25,33.3,03:00:00:02:c6:44
2017-07-25,27.4,03:00:00:03:0e:48
2017-07-25,24.2,03:00:00:04:15:7a
2017-07-25,30.2,03:00:00:04:1a:d0
2017-07-25,30.6,03:00:00:04:f2:00
2017-07-25,30.0,03:00:00:05:05:30
2017-07-25,24.6,70:ee:50:19:09:8a
2017-07-25,32.0,70:ee:50:19:3f:10
2017-07-25,26.3,70:ee:50:20:ad:96
2017-07-25,34.5,70:ee:50:20:b1:6c
2017-07-25,30.2,70:ee:50:27:2e:da
2017-07-25,29.8,70:ee:50:27:49:2e
2017-07-25,30.3,70:ee:50:28:e8:40
2017-07-26,22.0,02:00:00:21:01:52
2017-07-26,34.6,02:00:00:21:0a:9e
2017-07-26,34.9,02:00:00:27:38:c2
2017-07-26,30.5,02:00:00:27:39:82
2017-07-26,30.9,02:00:00:28:8c:e6
2017-07-26,30.3,03:00:00:02:c5:f8
2017-07-26,31.3,03:00:00:02:c6:44
2017-07-26,24.5,03:00:00:04:15:7a
2017-07-26,30.9,03:00:00:04:1a:d0
2017-07-26,31.8,03:00:00:04:f2:00
2017-07-26,31.1,03:00:00:05:05:30
2017-07-26,24.9,70:ee:50:19:09:8a
2017-07-26,25.1,70:ee:50:20:ad:96
2017-07-26,35.1,70:ee:50:20:b1:6c
2017-07-26,31.5,70:ee:50:27:2e:da
2017-07-26,30.6,70:ee:50:27:49:2e
2017-07-26,30.8,70:ee:50:28:e8:40
2017-07-27,21.6,02:00:00:21:01:52
2017-07-27,29.1,02:00:00:21:0a:9e
2017-07-27,36.0,02:00:00:27:38:c2
2017-07-27,30.4,02:00:00:27:39:82
2017-07-27,30.5,02:00:00:28:8c:e6
2017-07-27,30.1,03:00:00:02:c5:f8
2017-07-27,28.9,03:00:00:02:c6:44
2017-07-27,21.8,03:00:00:04:15:7a
2017-07-27,31.0,03:00:00:04:1a:d0
2017-07-27,32.1,03:00:00:04:f2:00
2017-07-27,30.2,03:00:00:05:05:30
2017-07-27,25.7,70:ee:50:19:09:8a
2017-07-27,25.1,70:ee:50:20:ad:96
2017-07-27,30.2,70:ee:50:20:b1:6c
2017-07-27,32.2,70:ee:50:27:2e:da
2017-07-27,30.9,70:ee:50:27:49:2e
2017-07-27,30.9,70:ee:50:28:e8:40
2017-07-28,20.1,02:00:00:21:01:52
2017-07-28,34.3,02:00:00:21:0a:9e
2017-07-28,34.2,02:00:00:27:38:c2
2017-07-28,30.2,02:00:00:27:39:82
2017-07-28,30.1,02:00:00:28:8c:e6
2017-07-28,29.8,03:00:00:02:c5:f8
2017-07-28,31.5,03:00:00:02:c6:44
2017-07-28,20.7,03:00:00:04:15:7a
2017-07-28,30.6,03:00:00:04:1a:d0
2017-07-28,31.2,03:00:00:04:f2:00
2017-07-28,30.1,03:00:00:05:05:30
2017-07-28,25.1,70:ee:50:19:09:8a
2017-07-28,23.6,70:ee:50:20:ad:96
2017-07-28,35.7,70:ee:50:20:b1:6c
2017-07-28,31.4,70:ee:50:27:2e:da
2017-07-28,30.6,70:ee:50:27:49:2e
2017-07-28,30.3,70:ee:50:28:e8:40
2017-07-29,23.8,02:00:00:21:01:52
2017-07-29,36.6,02:00:00:27:38:c2
2017-07-29,31.6,02:00:00:27:39:82
2017-07-29,31.7,02:00:00:28:8c:e6
2017-07-29,31.3,03:00:00:02:c5:f8
2017-07-29,23.2,03:00:00:04:15:7a
2017-07-29,32.3,03:00:00:04:1a:d0
2017-07-29,33.2,03:00:00:04:f2:00
2017-07-29,31.6,03:00:00:05:05:30
2017-07-29,25.2,70:ee:50:19:09:8a
2017-07-29,25.6,70:ee:50:20:ad:96
2017-07-29,32.9,70:ee:50:27:2e:da
2017-07-29,32.0,70:ee:50:27:49:2e
2017-07-29,31.8,70:ee:50:28:e8:40
2017-07-30,24.5,02:00:00:21:01:52
2017-07-30,35.6,02:00:00:27:38:c2
2017-07-30,30.5,02:00:00:27:39:82
2017-07-30,30.5,02:00:00:28:8c:e6
2017-07-30,30.3,03:00:00:02:c5:f8
2017-07-30,23.8,03:00:00:04:15:7a
2017-07-30,31.2,03:00:00:04:1a:d0
2017-07-30,32.1,03:00:00:04:f2:00
2017-07-30,30.4,03:00:00:05:05:30
2017-07-30,25.5,70:ee:50:19:09:8a
2017-07-30,26.5,70:ee:50:20:ad:96
2017-07-30,32.7,70:ee:50:27:2e:da
2017-07-30,30.9,70:ee:50:27:49:2e
2017-07-30,30.9,70:ee:50:28:e8:40
2017-07-31,21.3,02:00:00:21:01:52
2017-07-31,36.9,02:00:00:27:38:c2
2017-07-31,31.6,02:00:00:27:39:82
2017-07-31,31.6,02:00:00:28:8c:e6
2017-07-31,31.1,03:00:00:02:c5:f8
2017-07-31,22.4,03:00:00:04:15:7a
2017-07-31,32.2,03:00:00:04:1a:d0
2017-07-31,33.1,03:00:00:04:f2:00
2017-07-31,31.4,03:00:00:05:05:30
2017-07-31,25.4,70:ee:50:19:09:8a
2017-07-31,24.6,70:ee:50:20:ad:96
2017-07-31,33.2,70:ee:50:27:2e:da
2017-07-31,31.9,70:ee:50:27:49:2e
2017-07-31,32.1,70:ee:50:28:e8:40
2017-08-01,24.4,02:00:00:21:01:52
2017-08-01,35.1,02:00:00:27:38:c2
2017-08-01,29.6,02:00:00:27:39:82
2017-08-01,29.7,02:00:00:28:8c:e6
2017-08-01,29.3,03:00:00:02:c5:f8
2017-08-01,24.4,03:00:00:04:15:7a
2017-08-01,30.1,03:00:00:04:1a:d0
2017-08-01,31.2,03:00:00:04:f2:00
2017-08-01,29.5,03:00:00:05:05:30
2017-08-01,24.9,70:ee:50:19:09:8a
2017-08-01,26.1,70:ee:50:20:ad:96
2017-08-01,31.5,70:ee:50:27:2e:da
2017-08-01,30.2,70:ee:50:27:49:2e
2017-08-01,30.4,70:ee:50:28:e8:40
2017-08-02,25.1,02:00:00:21:01:52
2017-08-02,35.2,02:00:00:27:38:c2
2017-08-02,29.3,02:00:00:27:39:82
2017-08-02,29.3,02:00:00:28:8c:e6
2017-08-02,29.1,03:00:00:02:c5:f8
2017-08-02,24.9,03:00:00:04:15:7a
2017-08-02,29.9,03:00:00:04:1a:d0
2017-08-02,30.9,03:00:00:04:f2:00
2017-08-02,29.1,03:00:00:05:05:30
2017-08-02,25.4,70:ee:50:19:09:8a
2017-08-02,26.9,70:ee:50:20:ad:96
2017-08-02,31.4,70:ee:50:27:2e:da
2017-08-02,30.1,70:ee:50:27:49:2e
2017-08-02,30.1,70:ee:50:28:e8:40
2017-08-03,22.5,02:00:00:21:01:52
2017-08-03,30.5,02:00:00:27:39:82
2017-08-03,33.2,02:00:00:27:3d:6c
2017-08-03,31.0,02:00:00:27:3d:ca
2017-08-03,30.0,02:00:00:28:8c:e6
2017-08-03,24.1,03:00:00:04:15:7a
2017-08-03,30.6,03:00:00:04:1a:d0
2017-08-03,31.8,03:00:00:04:f2:00
2017-08-03,29.9,03:00:00:05:05:30
2017-08-03,24.5,70:ee:50:19:09:8a
2017-08-03,25.2,70:ee:50:20:ad:96
2017-08-03,35.0,70:ee:50:27:2a:ce
2017-08-03,31.9,70:ee:50:27:2e:da
2017-08-03,30.9,70:ee:50:27:49:2e
2017-08-03,32.4,70:ee:50:27:71:6c
2017-08-03,30.8,70:ee:50:28:e8:40
2017-08-04,20.4,02:00:00:21:01:52
2017-08-04,35.4,02:00:00:27:38:c2
2017-08-04,30.9,02:00:00:27:39:82
2017-08-04,29.4,02:00:00:27:3d:6c
2017-08-04,29.2,02:00:00:27:3d:ca
2017-08-04,30.3,02:00:00:28:8c:e6
2017-08-04,30.1,03:00:00:02:c5:f8
2017-08-04,22.9,03:00:00:04:15:7a
2017-08-04,31.2,03:00:00:04:1a:d0
2017-08-04,32.3,03:00:00:04:f2:00
2017-08-04,30.2,03:00:00:05:05:30
2017-08-04,25.2,70:ee:50:19:09:8a
2017-08-04,24.1,70:ee:50:20:ad:96
2017-08-04,30.7,70:ee:50:27:2a:ce
2017-08-04,32.5,70:ee:50:27:2e:da
2017-08-04,31.0,70:ee:50:27:49:2e
2017-08-04,29.7,70:ee:50:27:71:6c
2017-08-04,31.1,70:ee:50:28:e8:40
2017-08-05,22.2,02:00:00:21:01:52
2017-08-05,35.2,02:00:00:27:38:c2
2017-08-05,31.1,02:00:00:27:39:82
2017-08-05,31.8,02:00:00:27:3d:6c
2017-08-05,32.2,02:00:00:27:3d:ca
2017-08-05,31.0,02:00:00:28:8c:e6
2017-08-05,31.2,03:00:00:02:c5:f8
2017-08-05,23.8,03:00:00:04:15:7a
2017-08-05,31.9,03:00:00:04:1a:d0
2017-08-05,32.7,03:00:00:04:f2:00
2017-08-05,30.8,03:00:00:05:05:30
2017-08-05,25.5,70:ee:50:19:09:8a
2017-08-05,24.8,70:ee:50:20:ad:96
2017-08-05,33.4,70:ee:50:27:2a:ce
2017-08-05,32.6,70:ee:50:27:2e:da
2017-08-05,31.6,70:ee:50:27:49:2e
2017-08-05,32.6,70:ee:50:27:71:6c
2017-08-05,31.4,70:ee:50:28:e8:40
2017-08-06,24.8,02:00:00:21:01:52
2017-08-06,36.6,02:00:00:27:38:c2
2017-08-06,31.9,02:00:00:27:39:82
2017-08-06,32.8,02:00:00:27:3d:6c
2017-08-06,32.1,02:00:00:27:3d:ca
2017-08-06,31.6,02:00:00:28:8c:e6
2017-08-06,31.1,03:00:00:02:c5:f8
2017-08-06,25.2,03:00:00:04:15:7a
2017-08-06,32.4,03:00:00:04:1a:d0
2017-08-06,33.1,03:00:00:04:f2:00
2017-08-06,31.4,03:00:00:05:05:30
2017-08-06,26.3,70:ee:50:19:09:8a
2017-08-06,26.5,70:ee:50:20:ad:96
2017-08-06,34.6,70:ee:50:27:2a:ce
2017-08-06,33.1,70:ee:50:27:2e:da
2017-08-06,32.0,70:ee:50:27:49:2e
2017-08-06,33.3,70:ee:50:27:71:6c
2017-08-06,32.2,70:ee:50:28:e8:40
2017-08-07,26.4,02:00:00:18:fb:78
2017-08-07,24.9,02:00:00:21:01:52
2017-08-07,29.1,02:00:00:27:38:c2
2017-08-07,27.4,02:00:00:27:39:82
2017-08-07,33.6,02:00:00:27:3d:6c
2017-08-07,40.7,02:00:00:27:3d:ca
2017-08-07,27.8,02:00:00:28:8c:e6
2017-08-07,27.7,03:00:00:02:c5:f8
2017-08-07,25.4,03:00:00:04:15:7a
2017-08-07,27.8,03:00:00:04:1a:d0
2017-08-07,27.5,03:00:00:04:f2:00
2017-08-07,27.9,03:00:00:05:05:30
2017-08-07,25.3,70:ee:50:19:09:8a
2017-08-07,25.3,70:ee:50:19:1a:18
2017-08-07,29.7,70:ee:50:20:ad:96
2017-08-07,36.9,70:ee:50:27:2a:ce
2017-08-07,27.5,70:ee:50:27:2e:da
2017-08-07,27.8,70:ee:50:27:49:2e
2017-08-07,41.6,70:ee:50:27:71:6c
2017-08-07,28.1,70:ee:50:28:e8:40
2017-08-08,22.4,02:00:00:21:01:52
2017-08-08,31.6,02:00:00:27:38:c2
2017-08-08,29.0,02:00:00:27:39:82
2017-08-08,37.6,02:00:00:27:3d:6c
2017-08-08,39.2,02:00:00:27:3d:ca
2017-08-08,29.2,02:00:00:28:8c:e6
2017-08-08,28.9,03:00:00:02:c5:f8
2017-08-08,25.1,03:00:00:04:15:7a
2017-08-08,29.3,03:00:00:04:1a:d0
2017-08-08,29.7,03:00:00:04:f2:00
2017-08-08,29.2,03:00:00:05:05:30
2017-08-08,24.6,70:ee:50:19:09:8a
2017-08-08,26.4,70:ee:50:20:ad:96
2017-08-08,37.6,70:ee:50:27:2a:ce
2017-08-08,29.8,70:ee:50:27:2e:da
2017-08-08,29.4,70:ee:50:27:49:2e
2017-08-08,39.1,70:ee:50:27:71:6c
2017-08-08,29.6,70:ee:50:28:e8:40
2017-08-09,20.5,02:00:00:21:01:52
2017-08-09,34.3,02:00:00:27:38:c2
2017-08-09,30.6,02:00:00:27:39:82
2017-08-09,38.7,02:00:00:27:3d:6c
2017-08-09,36.1,02:00:00:27:3d:ca
2017-08-09,30.2,02:00:00:28:8c:e6
2017-08-09,29.9,03:00:00:02:c5:f8
2017-08-09,22.9,03:00:00:04:15:7a
2017-08-09,30.7,03:00:00:04:1a:d0
2017-08-09,31.3,03:00:00:04:f2:00
2017-08-09,30.2,03:00:00:05:05:30
2017-08-09,24.3,70:ee:50:19:09:8a
2017-08-09,23.3,70:ee:50:20:ad:96
2017-08-09,39.2,70:ee:50:27:2a:ce
2017-08-09,31.6,70:ee:50:27:2e:da
2017-08-09,30.6,70:ee:50:27:49:2e
2017-08-09,38.2,70:ee:50:27:71:6c
2017-08-09,30.8,70:ee:50:28:e8:40
2017-08-10,34.7,02:00:00:27:38:c2
2017-08-10,31.2,02:00:00:27:39:82
2017-08-10,30.7,02:00:00:27:3d:6c
2017-08-10,34.0,02:00:00:27:3d:ca
2017-08-10,30.9,02:00:00:28:8c:e6
2017-08-10,30.6,03:00:00:02:c5:f8
2017-08-10,23.3,03:00:00:04:15:7a
2017-08-10,31.3,03:00:00:04:1a:d0
2017-08-10,31.9,03:00:00:04:f2:00
2017-08-10,30.9,03:00:00:05:05:30
2017-08-10,25.0,70:ee:50:19:09:8a
2017-08-10,25.1,70:ee:50:20:ad:96
2017-08-10,31.4,70:ee:50:27:2a:ce
2017-08-10,32.0,70:ee:50:27:2e:da
2017-08-10,31.2,70:ee:50:27:49:2e
2017-08-10,34.5,70:ee:50:27:71:6c
2017-08-10,31.5,70:ee:50:28:e8:40
2017-08-11,21.9,02:00:00:21:01:52
2017-08-11,34.6,02:00:00:27:38:c2
2017-08-11,30.8,02:00:00:27:39:82
2017-08-11,27.7,02:00:00:27:3d:6c
2017-08-11,28.7,02:00:00:27:3d:ca
2017-08-11,30.3,02:00:00:28:8c:e6
2017-08-11,30.2,03:00:00:02:c5:f8
2017-08-11,23.0,03:00:00:04:15:7a
2017-08-11,31.0,03:00:00:04:1a:d0
2017-08-11,31.4,03:00:00:04:f2:00
2017-08-11,30.4,03:00:00:05:05:30
2017-08-11,26.2,70:ee:50:19:09:8a
2017-08-11,23.4,70:ee:50:20:ad:96
2017-08-11,27.7,70:ee:50:27:2a:ce
2017-08-11,31.2,70:ee:50:27:2e:da
2017-08-11,30.7,70:ee:50:27:49:2e
2017-08-11,29.3,70:ee:50:27:71:6c
2017-08-11,30.9,70:ee:50:28:e8:40
2017-08-12,17.6,02:00:00:21:01:52
2017-08-12,32.4,02:00:00:27:38:c2
2017-08-12,30.1,02:00:00:27:39:82
2017-08-12,32.3,02:00:00:27:3d:6c
2017-08-12,30.5,02:00:00:27:3d:ca
2017-08-12,29.0,02:00:00:28:8c:e6
2017-08-12,29.2,03:00:00:02:c5:f8
2017-08-12,21.2,03:00:00:04:15:7a
2017-08-12,29.4,03:00:00:04:1a:d0
2017-08-12,30.2,03:00:00:04:f2:00
2017-08-12,29.2,03:00:00:05:05:30
2017-08-12,25.4,70:ee:50:19:09:8a
2017-08-12,21.3,70:ee:50:20:ad:96
2017-08-12,32.2,70:ee:50:27:2a:ce
2017-08-12,30.3,70:ee:50:27:2e:da
2017-08-12,29.7,70:ee:50:27:49:2e
2017-08-12,31.5,70:ee:50:27:71:6c
2017-08-12,29.8,70:ee:50:28:e8:40
2017-08-13,18.8,02:00:00:21:01:52
2017-08-13,33.7,02:00:00:27:38:c2
2017-08-13,29.4,02:00:00:27:39:82
2017-08-13,36.0,02:00:00:27:3d:6c
2017-08-13,28.6,02:00:00:28:8c:e6
2017-08-13,28.6,03:00:00:02:c5:f8
2017-08-13,20.6,03:00:00:04:15:7a
2017-08-13,29.1,03:00:00:04:1a:d0
2017-08-13,29.9,03:00:00:04:f2:00
2017-08-13,28.8,03:00:00:05:05:30
2017-08-13,25.8,70:ee:50:19:09:8a
2017-08-13,21.4,70:ee:50:20:ad:96
2017-08-13,34.9,70:ee:50:27:2a:ce
2017-08-13,30.4,70:ee:50:27:2e:da
2017-08-13,29.5,70:ee:50:27:49:2e
2017-08-13,29.7,70:ee:50:28:e8:40
2017-08-14,21.9,02:00:00:21:01:52
2017-08-14,33.3,02:00:00:27:38:c2
2017-08-14,28.2,02:00:00:27:39:82
2017-08-14,34.2,02:00:00:27:3d:6c
2017-08-14,37.7,02:00:00:27:3d:ca
2017-08-14,27.9,02:00:00:28:8c:e6
2017-08-14,27.8,03:00:00:02:c5:f8
2017-08-14,20.9,03:00:00:04:15:7a
2017-08-14,28.4,03:00:00:04:1a:d0
2017-08-14,29.3,03:00:00:04:f2:00
2017-08-14,27.9,03:00:00:05:05:30
2017-08-14,25.4,70:ee:50:19:09:8a
2017-08-14,23.3,70:ee:50:20:ad:96
2017-08-14,35.1,70:ee:50:27:2a:ce
2017-08-14,29.7,70:ee:50:27:2e:da
2017-08-14,28.4,70:ee:50:27:49:2e
2017-08-14,38.4,70:ee:50:27:71:6c
2017-08-14,28.7,70:ee:50:28:e8:40
2017-08-15,23.5,02:00:00:21:01:52
2017-08-15,31.1,02:00:00:27:38:c2
2017-08-15,28.6,02:00:00:27:39:82
2017-08-15,25.2,02:00:00:27:3d:6c
2017-08-15,26.4,02:00:00:27:3d:ca
2017-08-15,28.9,02:00:00:28:8c:e6
2017-08-15,28.9,03:00:00:02:c5:f8
2017-08-15,22.8,03:00:00:04:15:7a
2017-08-15,29.2,03:00:00:04:1a:d0
2017-08-15,28.8,03:00:00:04:f2:00
2017-08-15,29.0,03:00:00:05:05:30
2017-08-15,26.0,70:ee:50:19:09:8a
2017-08-15,24.2,70:ee:50:20:ad:96
2017-08-15,24.5,70:ee:50:27:2a:ce
2017-08-15,28.6,70:ee:50:27:2e:da
2017-08-15,28.9,70:ee:50:27:49:2e
2017-08-15,27.1,70:ee:50:27:71:6c
2017-08-15,29.2,70:ee:50:28:e8:40
2017-08-16,22.8,02:00:00:21:01:52
2017-08-16,33.8,02:00:00:27:38:c2
2017-08-16,29.6,02:00:00:27:39:82
2017-08-16,26.7,02:00:00:27:3d:6c
2017-08-16,28.8,02:00:00:27:3d:ca
2017-08-16,29.5,02:00:00:28:8c:e6
2017-08-16,29.4,03:00:00:02:c5:f8
2017-08-16,23.2,03:00:00:04:15:7a
2017-08-16,29.8,03:00:00:04:1a:d0
2017-08-16,30.5,03:00:00:04:f2:00
2017-08-16,29.6,03:00:00:05:05:30
2017-08-16,24.7,70:ee:50:19:09:8a
2017-08-16,24.8,70:ee:50:20:ad:96
2017-08-16,26.2,70:ee:50:27:2a:ce
2017-08-16,30.6,70:ee:50:27:2e:da
2017-08-16,29.8,70:ee:50:27:49:2e
2017-08-16,29.4,70:ee:50:27:71:6c
2017-08-16,30.2,70:ee:50:28:e8:40
2017-08-17,20.7,02:00:00:21:01:52
2017-08-17,31.8,02:00:00:21:0a:9e
2017-08-17,33.8,02:00:00:27:38:c2
2017-08-17,29.8,02:00:00:27:39:82
2017-08-17,32.6,02:00:00:27:3d:6c
2017-08-17,29.4,02:00:00:28:8c:e6
2017-08-17,29.0,03:00:00:02:c5:f8
2017-08-17,28.6,03:00:00:02:c6:44
2017-08-17,21.5,03:00:00:04:15:7a
2017-08-17,29.9,03:00:00:04:1a:d0
2017-08-17,30.6,03:00:00:04:f2:00
2017-08-17,29.5,03:00:00:05:05:30
2017-08-17,23.7,70:ee:50:19:09:8a
2017-08-17,23.6,70:ee:50:20:ad:96
2017-08-17,32.4,70:ee:50:20:b1:6c
2017-08-17,32.7,70:ee:50:27:2a:ce
2017-08-17,30.3,70:ee:50:27:2e:da
2017-08-17,29.7,70:ee:50:27:49:2e
2017-08-17,32.2,70:ee:50:27:71:6c
2017-08-17,30.3,70:ee:50:28:e8:40
2017-08-18,21.5,02:00:00:21:01:52
2017-08-18,31.1,02:00:00:21:0a:9e
2017-08-18,34.3,02:00:00:27:38:c2
2017-08-18,29.5,02:00:00:27:39:82
2017-08-18,31.3,02:00:00:27:3d:6c
2017-08-18,31.9,02:00:00:27:3d:ca
2017-08-18,29.7,02:00:00:28:8c:e6
2017-08-18,29.2,03:00:00:02:c5:f8
2017-08-18,27.1,03:00:00:02:c6:44
2017-08-18,22.8,03:00:00:04:15:7a
2017-08-18,29.8,03:00:00:04:1a:d0
2017-08-18,30.6,03:00:00:04:f2:00
2017-08-18,29.6,03:00:00:05:05:30
2017-08-18,25.4,70:ee:50:19:09:8a
2017-08-18,24.3,70:ee:50:20:ad:96
2017-08-18,31.6,70:ee:50:20:b1:6c
2017-08-18,31.5,70:ee:50:27:2a:ce
2017-08-18,30.9,70:ee:50:27:2e:da
2017-08-18,29.9,70:ee:50:27:49:2e
2017-08-18,32.3,70:ee:50:27:71:6c
2017-08-18,30.4,70:ee:50:28:e8:40
2017-08-19,24.2,02:00:00:21:01:52
2017-08-19,33.8,02:00:00:21:0a:9e
2017-08-19,34.3,02:00:00:27:38:c2
2017-08-19,30.2,02:00:00:27:39:82
2017-08-19,34.4,02:00:00:27:3d:6c
2017-08-19,30.0,02:00:00:27:3d:ca
2017-08-19,29.8,02:00:00:28:8c:e6
2017-08-19,29.6,03:00:00:02:c5:f8
2017-08-19,30.1,03:00:00:02:c6:44
2017-08-19,24.3,03:00:00:04:15:7a
2017-08-19,30.2,03:00:00:04:1a:d0
2017-08-19,30.9,03:00:00:04:f2:00
2017-08-19,29.8,03:00:00:05:05:30
2017-08-19,24.2,70:ee:50:19:09:8a
2017-08-19,25.8,70:ee:50:20:ad:96
2017-08-19,34.5,70:ee:50:20:b1:6c
2017-08-19,34.9,70:ee:50:27:2a:ce
2017-08-19,31.0,70:ee:50:27:2e:da
2017-08-19,30.5,70:ee:50:27:49:2e
2017-08-19,30.8,70:ee:50:27:71:6c
2017-08-19,30.6,70:ee:50:28:e8:40
2017-08-20,21.7,02:00:00:21:01:52
2017-08-20,29.5,02:00:00:21:0a:9e
2017-08-20,34.1,02:00:00:27:38:c2
2017-08-20,30.2,02:00:00:27:39:82
2017-08-20,35.4,02:00:00:27:3d:6c
2017-08-20,36.7,02:00:00:27:3d:ca
2017-08-20,30.0,02:00:00:28:8c:e6
2017-08-20,29.5,03:00:00:02:c5:f8
2017-08-20,28.1,03:00:00:02:c6:44
2017-08-20,24.0,03:00:00:04:15:7a
2017-08-20,30.4,03:00:00:04:1a:d0
2017-08-20,31.1,03:00:00:04:f2:00
2017-08-20,29.9,03:00:00:05:05:30
2017-08-20,25.1,70:ee:50:19:09:8a
2017-08-20,24.9,70:ee:50:20:ad:96
2017-08-20,30.4,70:ee:50:20:b1:6c
2017-08-20,35.0,70:ee:50:27:2a:ce
2017-08-20,30.9,70:ee:50:27:2e:da
2017-08-20,30.1,70:ee:50:27:49:2e
2017-08-20,36.9,70:ee:50:27:71:6c
2017-08-20,30.7,70:ee:50:28:e8:40
2017-08-21,20.7,02:00:00:21:01:52
2017-08-21,32.5,02:00:00:21:0a:9e
2017-08-21,34.6,02:00:00:27:38:c2
2017-08-21,24.2,02:00:00:27:39:82
2017-08-21,32.7,02:00:00:27:3d:6c
2017-08-21,29.3,02:00:00:27:3d:ca
2017-08-21,30.4,02:00:00:28:8c:e6
2017-08-21,30.0,03:00:00:02:c5:f8
2017-08-21,30.6,03:00:00:02:c6:44
2017-08-21,23.7,03:00:00:04:15:7a
2017-08-21,24.9,03:00:00:04:1a:d0
2017-08-21,24.8,03:00:00:04:f2:00
2017-08-21,30.4,03:00:00:05:05:30
2017-08-21,24.4,70:ee:50:19:09:8a
2017-08-21,25.7,70:ee:50:20:ad:96
2017-08-21,33.6,70:ee:50:20:b1:6c
2017-08-21,33.4,70:ee:50:27:2a:ce
2017-08-21,24.5,70:ee:50:27:2e:da
2017-08-21,30.9,70:ee:50:27:49:2e
2017-08-21,29.4,70:ee:50:27:71:6c
2017-08-21,31.3,70:ee:50:28:e8:40
2017-08-22,21.0,02:00:00:21:01:52
2017-08-22,30.3,02:00:00:21:0a:9e
2017-08-22,33.1,02:00:00:27:38:c2
2017-08-22,30.6,02:00:00:27:39:82
2017-08-22,31.6,02:00:00:27:3d:6c
2017-08-22,30.1,02:00:00:27:3d:ca
2017-08-22,30.6,02:00:00:28:8c:e6
2017-08-22,30.0,03:00:00:02:c5:f8
2017-08-22,28.9,03:00:00:02:c6:44
2017-08-22,22.4,03:00:00:04:15:7a
2017-08-22,31.1,03:00:00:04:1a:d0
2017-08-22,31.6,03:00:00:04:f2:00
2017-08-22,30.4,03:00:00:05:05:30
2017-08-22,25.1,70:ee:50:19:09:8a
2017-08-22,24.7,70:ee:50:20:ad:96
2017-08-22,30.8,70:ee:50:20:b1:6c
2017-08-22,33.3,70:ee:50:27:2a:ce
2017-08-22,31.1,70:ee:50:27:2e:da
2017-08-22,29.9,70:ee:50:27:49:2e
2017-08-22,30.6,70:ee:50:27:71:6c
2017-08-22,31.2,70:ee:50:28:e8:40
2017-08-23,26.1,02:00:00:21:01:52
2017-08-23,30.6,02:00:00:21:0a:9e
2017-08-23,36.2,02:00:00:27:38:c2
2017-08-23,31.4,02:00:00:27:39:82
2017-08-23,31.6,02:00:00:27:3d:6c
2017-08-23,30.1,02:00:00:27:3d:ca
2017-08-23,31.2,02:00:00:28:8c:e6
2017-08-23,30.7,03:00:00:02:c5:f8
2017-08-23,29.5,03:00:00:02:c6:44
2017-08-23,25.0,03:00:00:04:15:7a
2017-08-23,31.9,03:00:00:04:1a:d0
2017-08-23,32.6,03:00:00:04:f2:00
2017-08-23,31.1,03:00:00:05:05:30
2017-08-23,25.9,70:ee:50:19:09:8a
2017-08-23,26.6,70:ee:50:20:ad:96
2017-08-23,31.5,70:ee:50:20:b1:6c
2017-08-23,32.1,70:ee:50:27:2a:ce
2017-08-23,32.5,70:ee:50:27:2e:da
2017-08-23,31.2,70:ee:50:27:49:2e
2017-08-23,30.3,70:ee:50:27:71:6c
2017-08-23,32.1,70:ee:50:28:e8:40
2017-08-24,21.4,02:00:00:21:01:52
2017-08-24,32.8,02:00:00:21:0a:9e
2017-08-24,26.4,02:00:00:27:38:c2
2017-08-24,31.3,02:00:00:27:39:82
2017-08-24,37.0,02:00:00:27:3d:6c
2017-08-24,33.4,02:00:00:27:3d:ca
2017-08-24,31.1,02:00:00:28:8c:e6
2017-08-24,25.6,03:00:00:02:c5:f8
2017-08-24,30.6,03:00:00:02:c6:44
2017-08-24,23.6,03:00:00:04:15:7a
2017-08-24,31.6,03:00:00:04:1a:d0
2017-08-24,32.2,03:00:00:04:f2:00
2017-08-24,31.1,03:00:00:05:05:30
2017-08-24,25.6,70:ee:50:19:09:8a
2017-08-24,25.7,70:ee:50:20:ad:96
2017-08-24,33.3,70:ee:50:20:b1:6c
2017-08-24,36.3,70:ee:50:27:2a:ce
2017-08-24,32.3,70:ee:50:27:2e:da
2017-08-24,25.4,70:ee:50:27:49:2e
2017-08-24,33.4,70:ee:50:27:71:6c
2017-08-24,31.6,70:ee:50:28:e8:40
2017-08-25,21.7,02:00:00:21:01:52
2017-08-25,28.6,02:00:00:21:0a:9e
2017-08-25,30.1,02:00:00:27:38:c2
2017-08-25,32.1,02:00:00:27:39:82
2017-08-25,34.9,02:00:00:27:3d:6c
2017-08-25,29.9,02:00:00:27:3d:ca
2017-08-25,31.5,02:00:00:28:8c:e6
2017-08-25,28.6,03:00:00:02:c5:f8
2017-08-25,28.9,03:00:00:02:c6:44
2017-08-25,24.1,03:00:00:04:15:7a
2017-08-25,32.1,03:00:00:04:1a:d0
2017-08-25,32.8,03:00:00:04:f2:00
2017-08-25,31.6,03:00:00:05:05:30
2017-08-25,24.9,70:ee:50:19:09:8a
2017-08-25,25.7,70:ee:50:20:ad:96
2017-08-25,29.3,70:ee:50:20:b1:6c
2017-08-25,34.1,70:ee:50:27:2a:ce
2017-08-25,33.1,70:ee:50:27:2e:da
2017-08-25,28.6,70:ee:50:27:49:2e
2017-08-25,30.2,70:ee:50:27:71:6c
2017-08-25,32.4,70:ee:50:28:e8:40
2017-08-26,21.4,02:00:00:21:01:52
2017-08-26,30.9,02:00:00:21:0a:9e
2017-08-26,25.6,02:00:00:27:38:c2
2017-08-26,28.9,02:00:00:27:39:82
2017-08-26,41.3,02:00:00:27:3d:6c
2017-08-26,27.6,02:00:00:27:3d:ca
2017-08-26,27.8,02:00:00:28:8c:e6
2017-08-26,24.7,03:00:00:02:c5:f8
2017-08-26,30.2,03:00:00:02:c6:44
2017-08-26,23.2,03:00:00:04:15:7a
2017-08-26,28.9,03:00:00:04:1a:d0
2017-08-26,29.4,03:00:00:04:f2:00
2017-08-26,27.8,03:00:00:05:05:30
2017-08-26,24.1,70:ee:50:19:09:8a
2017-08-26,23.2,70:ee:50:20:ad:96
2017-08-26,31.7,70:ee:50:20:b1:6c
2017-08-26,39.5,70:ee:50:27:2a:ce
2017-08-26,29.6,70:ee:50:27:2e:da
2017-08-26,24.9,70:ee:50:27:49:2e
2017-08-26,28.1,70:ee:50:27:71:6c
2017-08-26,28.7,70:ee:50:28:e8:40
2017-08-27,20.6,02:00:00:21:01:52
2017-08-27,28.7,02:00:00:21:0a:9e
2017-08-27,33.7,02:00:00:27:38:c2
2017-08-27,28.8,02:00:00:27:39:82
2017-08-27,37.9,02:00:00:27:3d:6c
2017-08-27,25.6,02:00:00:27:3d:ca
2017-08-27,27.9,02:00:00:28:8c:e6
2017-08-27,28.2,03:00:00:02:c5:f8
2017-08-27,28.7,03:00:00:02:c6:44
2017-08-27,23.3,03:00:00:04:15:7a
2017-08-27,28.4,03:00:00:04:1a:d0
2017-08-27,29.0,03:00:00:04:f2:00
2017-08-27,28.1,03:00:00:05:05:30
2017-08-27,24.9,70:ee:50:19:09:8a
2017-08-27,23.2,70:ee:50:20:ad:96
2017-08-27,30.8,70:ee:50:20:b1:6c
2017-08-27,35.8,70:ee:50:27:2a:ce
2017-08-27,29.5,70:ee:50:27:2e:da
2017-08-27,28.5,70:ee:50:27:49:2e
2017-08-27,26.1,70:ee:50:27:71:6c
2017-08-27,28.7,70:ee:50:28:e8:40
2017-08-28,19.9,02:00:00:21:01:52
2017-08-28,28.6,02:00:00:21:0a:9e
2017-08-28,34.3,02:00:00:27:38:c2
2017-08-28,29.3,02:00:00:27:39:82
2017-08-28,38.0,02:00:00:27:3d:6c
2017-08-28,20.8,02:00:00:27:3d:ca
2017-08-28,29.0,02:00:00:28:8c:e6
2017-08-28,28.7,03:00:00:02:c5:f8
2017-08-28,27.6,03:00:00:02:c6:44
2017-08-28,21.8,03:00:00:04:15:7a
2017-08-28,29.2,03:00:00:04:1a:d0
2017-08-28,30.1,03:00:00:04:f2:00
2017-08-28,29.0,03:00:00:05:05:30
2017-08-28,25.6,70:ee:50:19:09:8a
2017-08-28,22.4,70:ee:50:20:ad:96
2017-08-28,29.6,70:ee:50:20:b1:6c
2017-08-28,36.8,70:ee:50:27:2a:ce
2017-08-28,30.6,70:ee:50:27:2e:da
2017-08-28,28.8,70:ee:50:27:49:2e
2017-08-28,21.3,70:ee:50:27:71:6c
2017-08-28,29.6,70:ee:50:28:e8:40
2017-08-29,18.4,02:00:00:21:01:52
2017-08-29,31.6,02:00:00:21:0a:9e
2017-08-29,34.0,02:00:00:27:38:c2
2017-08-29,31.1,02:00:00:27:39:82
2017-08-29,37.9,02:00:00:27:3d:6c
2017-08-29,30.3,02:00:00:28:8c:e6
2017-08-29,29.5,03:00:00:02:c5:f8
2017-08-29,29.9,03:00:00:02:c6:44
2017-08-29,21.3,03:00:00:04:15:7a
2017-08-29,30.8,03:00:00:04:1a:d0
2017-08-29,31.3,03:00:00:04:f2:00
2017-08-29,30.3,03:00:00:05:05:30
2017-08-29,24.5,70:ee:50:19:09:8a
2017-08-29,22.7,70:ee:50:20:ad:96
2017-08-29,33.0,70:ee:50:20:b1:6c
2017-08-29,37.2,70:ee:50:27:2a:ce
2017-08-29,31.6,70:ee:50:27:2e:da
2017-08-29,29.7,70:ee:50:27:49:2e
2017-08-29,31.0,70:ee:50:28:e8:40
2017-08-30,15.8,02:00:00:21:01:52
2017-08-30,29.4,02:00:00:21:0a:9e
2017-08-30,34.6,02:00:00:27:38:c2
2017-08-30,30.0,02:00:00:27:39:82
2017-08-30,29.6,02:00:00:27:3d:6c
2017-08-30,29.4,02:00:00:28:8c:e6
2017-08-30,29.4,03:00:00:02:c5:f8
2017-08-30,27.7,03:00:00:02:c6:44
2017-08-30,19.7,03:00:00:04:15:7a
2017-08-30,29.8,03:00:00:04:1a:d0
2017-08-30,30.7,03:00:00:04:f2:00
2017-08-30,29.4,03:00:00:05:05:30
2017-08-30,24.9,70:ee:50:19:09:8a
2017-08-30,21.2,70:ee:50:20:ad:96
2017-08-30,29.8,70:ee:50:20:b1:6c
2017-08-30,29.4,70:ee:50:27:2a:ce
2017-08-30,30.9,70:ee:50:27:2e:da
2017-08-30,30.1,70:ee:50:27:49:2e
2017-08-30,30.5,70:ee:50:28:e8:40
2017-08-31,19.8,02:00:00:21:01:52
2017-08-31,24.4,02:00:00:21:0a:9e
2017-08-31,23.8,02:00:00:27:38:c2
2017-08-31,28.5,02:00:00:27:39:82
2017-08-31,33.6,02:00:00:27:3d:6c
2017-08-31,27.7,02:00:00:28:8c:e6
2017-08-31,23.2,03:00:00:02:c5:f8
2017-08-31,26.2,03:00:00:02:c6:44
2017-08-31,20.9,03:00:00:04:15:7a
2017-08-31,27.9,03:00:00:04:1a:d0
2017-08-31,28.7,03:00:00:04:f2:00
2017-08-31,27.8,03:00:00:05:05:30
2017-08-31,24.6,70:ee:50:19:09:8a
2017-08-31,21.3,70:ee:50:20:ad:96
2017-08-31,24.9,70:ee:50:20:b1:6c
2017-08-31,31.7,70:ee:50:27:2a:ce
2017-08-31,29.2,70:ee:50:27:2e:da
2017-08-31,23.3,70:ee:50:27:49:2e
2017-08-31,28.7,70:ee:50:28:e8:40
2017-09-01,19.2,02:00:00:21:01:52
2017-09-01,26.2,02:00:00:21:0a:9e
2017-09-01,27.0,02:00:00:27:39:82
2017-09-01,26.4,02:00:00:27:3d:6c
2017-09-01,26.2,02:00:00:28:8c:e6
2017-09-01,27.7,03:00:00:02:c6:44
2017-09-01,20.9,03:00:00:04:15:7a
2017-09-01,26.3,03:00:00:04:1a:d0
2017-09-01,27.1,03:00:00:04:f2:00
2017-09-01,26.5,03:00:00:05:05:30
2017-09-01,24.9,70:ee:50:19:09:8a
2017-09-01,20.4,70:ee:50:20:ad:96
2017-09-01,27.1,70:ee:50:20:b1:6c
2017-09-01,25.8,70:ee:50:27:2a:ce
2017-09-01,27.7,70:ee:50:27:2e:da
2017-09-01,27.2,70:ee:50:28:e8:40
2017-09-02,18.3,02:00:00:21:01:52
2017-09-02,25.9,02:00:00:21:0a:9e
2017-09-02,31.9,02:00:00:27:38:c2
2017-09-02,27.0,02:00:00:27:39:82
2017-09-02,28.2,02:00:00:27:3d:6c
2017-09-02,26.9,02:00:00:28:8c:e6
2017-09-02,26.9,03:00:00:02:c5:f8
2017-09-02,24.7,03:00:00:02:c6:44
2017-09-02,20.6,03:00:00:04:15:7a
2017-09-02,26.4,03:00:00:04:1a:d0
2017-09-02,26.6,03:00:00:04:f2:00
2017-09-02,27.4,03:00:00:05:05:30
2017-09-02,23.1,70:ee:50:19:09:8a
2017-09-02,20.8,70:ee:50:20:ad:96
2017-09-02,26.7,70:ee:50:20:b1:6c
2017-09-02,24.8,70:ee:50:27:2a:ce
2017-09-02,27.1,70:ee:50:27:2e:da
2017-09-02,26.6,70:ee:50:27:49:2e
2017-09-02,27.6,70:ee:50:28:e8:40
2017-09-03,18.1,02:00:00:21:01:52
2017-09-03,27.8,02:00:00:21:0a:9e
2017-09-03,30.8,02:00:00:27:38:c2
2017-09-03,27.6,02:00:00:27:39:82
2017-09-03,33.1,02:00:00:27:3d:6c
2017-09-03,27.2,02:00:00:28:8c:e6
2017-09-03,27.0,03:00:00:02:c5:f8
2017-09-03,25.7,03:00:00:02:c6:44
2017-09-03,20.3,03:00:00:04:15:7a
2017-09-03,26.9,03:00:00:04:1a:d0
2017-09-03,27.0,03:00:00:04:f2:00
2017-09-03,27.4,03:00:00:05:05:30
2017-09-03,25.1,70:ee:50:19:09:8a
2017-09-03,18.6,70:ee:50:20:ad:96
2017-09-03,28.9,70:ee:50:20:b1:6c
2017-09-03,31.2,70:ee:50:27:2a:ce
2017-09-03,27.6,70:ee:50:27:2e:da
2017-09-03,27.2,70:ee:50:27:49:2e
2017-09-03,27.8,70:ee:50:28:e8:40
2017-09-04,17.7,02:00:00:21:01:52
2017-09-04,23.6,02:00:00:21:0a:9e
2017-09-04,20.7,02:00:00:27:38:c2
2017-09-04,24.6,02:00:00:27:39:82
2017-09-04,27.4,02:00:00:27:3d:6c
2017-09-04,24.0,02:00:00:28:8c:e6
2017-09-04,19.7,03:00:00:02:c5:f8
2017-09-04,23.8,03:00:00:02:c6:44
2017-09-04,20.4,03:00:00:04:15:7a
2017-09-04,23.8,03:00:00:04:1a:d0
2017-09-04,23.6,03:00:00:04:f2:00
2017-09-04,24.2,03:00:00:05:05:30
2017-09-04,23.8,70:ee:50:19:09:8a
2017-09-04,21.3,70:ee:50:20:ad:96
2017-09-04,24.2,70:ee:50:20:b1:6c
2017-09-04,26.8,70:ee:50:27:2a:ce
2017-09-04,23.9,70:ee:50:27:2e:da
2017-09-04,19.8,70:ee:50:27:49:2e
2017-09-04,24.5,70:ee:50:28:e8:40
2017-09-05,20.2,02:00:00:27:38:c2
2017-09-05,24.9,02:00:00:27:39:82
2017-09-05,30.5,02:00:00:27:3d:6c
2017-09-05,24.5,02:00:00:28:8c:e6
2017-09-05,19.2,03:00:00:02:c5:f8
2017-09-05,24.2,03:00:00:04:f2:00
2017-09-05,24.5,03:00:00:05:05:30
2017-09-05,24.4,70:ee:50:19:09:8a
2017-09-05,24.4,70:ee:50:27:2e:da
2017-09-05,24.8,70:ee:50:28:e8:40
2017-09-06,20.1,02:00:00:21:01:52
2017-09-06,26.9,02:00:00:21:0a:9e
2017-09-06,27.0,02:00:00:27:39:82
2017-09-06,24.9,02:00:00:27:3d:6c
2017-09-06,26.7,02:00:00:28:8c:e6
2017-09-06,24.2,03:00:00:02:c6:44
2017-09-06,21.8,03:00:00:04:15:7a
2017-09-06,26.4,03:00:00:04:1a:d0
2017-09-06,26.2,03:00:00:04:f2:00
2017-09-06,26.6,03:00:00:05:05:30
2017-09-06,25.3,70:ee:50:19:09:8a
2017-09-06,23.1,70:ee:50:20:ad:96
2017-09-06,27.2,70:ee:50:20:b1:6c
2017-09-06,24.4,70:ee:50:27:2a:ce
2017-09-06,26.4,70:ee:50:27:2e:da
2017-09-06,27.3,70:ee:50:28:e8:40
2017-09-07,22.8,02:00:00:21:01:52
2017-09-07,27.1,02:00:00:21:0a:9e
2017-09-07,27.6,02:00:00:27:39:82
2017-09-07,26.6,02:00:00:27:3d:6c
2017-09-07,27.5,02:00:00:28:8c:e6
2017-09-07,24.9,03:00:00:02:c6:44
2017-09-07,23.4,03:00:00:04:15:7a
2017-09-07,27.3,03:00:00:04:1a:d0
2017-09-07,27.1,03:00:00:04:f2:00
2017-09-07,27.4,03:00:00:05:05:30
2017-09-07,24.9,70:ee:50:19:09:8a
2017-09-07,24.6,70:ee:50:20:ad:96
2017-09-07,27.4,70:ee:50:20:b1:6c
2017-09-07,26.2,70:ee:50:27:2a:ce
2017-09-07,27.2,70:ee:50:27:2e:da
2017-09-07,27.8,70:ee:50:28:e8:40
2017-09-08,22.5,02:00:00:21:01:52
2017-09-08,32.9,02:00:00:21:0a:9e
2017-09-08,28.8,02:00:00:27:39:82
2017-09-08,28.1,02:00:00:28:8c:e6
2017-09-08,28.6,03:00:00:02:c6:44
2017-09-08,23.4,03:00:00:04:15:7a
2017-09-08,27.6,03:00:00:04:1a:d0
2017-09-08,26.8,03:00:00:04:f2:00
2017-09-08,28.4,03:00:00:05:05:30
2017-09-08,24.8,70:ee:50:19:09:8a
2017-09-08,24.3,70:ee:50:20:ad:96
2017-09-08,34.1,70:ee:50:20:b1:6c
2017-09-08,27.3,70:ee:50:27:2e:da
2017-09-08,28.5,70:ee:50:28:e8:40
2017-09-09,20.8,02:00:00:21:01:52
2017-09-09,28.4,02:00:00:21:0a:9e
2017-09-09,26.8,02:00:00:27:39:82
2017-09-09,25.8,02:00:00:28:8c:e6
2017-09-09,27.9,03:00:00:02:c6:44
2017-09-09,23.1,03:00:00:04:15:7a
2017-09-09,26.0,03:00:00:04:1a:d0
2017-09-09,26.6,03:00:00:04:f2:00
2017-09-09,26.0,03:00:00:05:05:30
2017-09-09,25.9,70:ee:50:19:09:8a
2017-09-09,23.8,70:ee:50:20:ad:96
2017-09-09,29.2,70:ee:50:20:b1:6c
2017-09-09,27.3,70:ee:50:27:2e:da
2017-09-09,26.7,70:ee:50:28:e8:40
2017-09-10,18.0,02:00:00:21:01:52
2017-09-10,28.5,02:00:00:21:0a:9e
2017-09-10,23.5,02:00:00:27:38:c2
2017-09-10,27.5,02:00:00:27:39:82
2017-09-10,27.2,02:00:00:28:8c:e6
2017-09-10,27.5,03:00:00:02:c6:44
2017-09-10,20.5,03:00:00:04:15:7a
2017-09-10,27.4,03:00:00:04:1a:d0
2017-09-10,28.2,03:00:00:04:f2:00
2017-09-10,27.3,03:00:00:05:05:30
2017-09-10,26.8,70:ee:50:19:09:8a
2017-09-10,22.5,70:ee:50:20:ad:96
2017-09-10,30.1,70:ee:50:20:b1:6c
2017-09-10,28.7,70:ee:50:27:2e:da
2017-09-10,22.6,70:ee:50:27:49:2e
2017-09-10,27.8,70:ee:50:28:e8:40
2017-09-11,16.4,02:00:00:21:01:52
2017-09-11,27.4,02:00:00:21:0a:9e
2017-09-11,26.6,02:00:00:27:38:c2
2017-09-11,26.8,02:00:00:27:39:82
2017-09-11,27.2,02:00:00:28:8c:e6
2017-09-11,29.6,03:00:00:02:c5:f8
2017-09-11,26.9,03:00:00:02:c6:44
2017-09-11,19.1,03:00:00:04:15:7a
2017-09-11,26.1,03:00:00:04:1a:d0
2017-09-11,26.0,03:00:00:04:f2:00
2017-09-11,27.2,03:00:00:05:05:30
2017-09-11,25.1,70:ee:50:19:09:8a
2017-09-11,20.9,70:ee:50:20:ad:96
2017-09-11,28.8,70:ee:50:20:b1:6c
2017-09-11,26.6,70:ee:50:27:2e:da
2017-09-11,26.4,70:ee:50:27:49:2e
2017-09-11,27.8,70:ee:50:28:e8:40
2017-09-12,14.8,02:00:00:21:01:52
2017-09-12,27.6,02:00:00:21:0a:9e
2017-09-12,23.9,02:00:00:27:38:c2
2017-09-12,26.4,02:00:00:27:39:82
2017-09-12,26.0,02:00:00:28:8c:e6
2017-09-12,25.4,03:00:00:02:c6:44
2017-09-12,17.9,03:00:00:04:15:7a
2017-09-12,25.8,03:00:00:04:1a:d0
2017-09-12,25.6,03:00:00:04:f2:00
2017-09-12,26.0,03:00:00:05:05:30
2017-09-12,26.6,70:ee:50:19:09:8a
2017-09-12,19.6,70:ee:50:20:ad:96
2017-09-12,28.5,70:ee:50:20:b1:6c
2017-09-12,25.9,70:ee:50:27:2e:da
2017-09-12,23.4,70:ee:50:27:49:2e
2017-09-12,26.3,70:ee:50:28:e8:40
2017-09-13,18.2,02:00:00:21:01:52
2017-09-13,27.6,02:00:00:21:0a:9e
2017-09-13,28.6,02:00:00:27:39:82
2017-09-13,28.3,02:00:00:28:8c:e6
2017-09-13,27.3,03:00:00:02:c6:44
2017-09-13,19.6,03:00:00:04:15:7a
2017-09-13,27.4,03:00:00:04:1a:d0
2017-09-13,27.1,03:00:00:04:f2:00
2017-09-13,28.2,03:00:00:05:05:30
2017-09-13,25.0,70:ee:50:19:09:8a
2017-09-13,20.5,70:ee:50:20:ad:96
2017-09-13,28.5,70:ee:50:20:b1:6c
2017-09-13,28.4,70:ee:50:27:2e:da
2017-09-13,28.5,70:ee:50:28:e8:40
2017-09-14,26.4,02:00:00:18:fb:78
2017-09-14,16.7,02:00:00:21:01:52
2017-09-14,27.5,02:00:00:21:0a:9e
2017-09-14,30.0,02:00:00:27:38:c2
2017-09-14,27.2,02:00:00:27:39:82
2017-09-14,26.4,02:00:00:28:8c:e6
2017-09-14,26.5,03:00:00:02:c5:f8
2017-09-14,27.7,03:00:00:02:c6:44
2017-09-14,17.2,03:00:00:04:15:7a
2017-09-14,26.6,03:00:00:04:1a:d0
2017-09-14,26.0,03:00:00:04:f2:00
2017-09-14,26.6,03:00:00:05:05:30
2017-09-14,26.9,70:ee:50:19:09:8a
2017-09-14,25.4,70:ee:50:19:1a:18
2017-09-14,19.4,70:ee:50:20:ad:96
2017-09-14,29.0,70:ee:50:20:b1:6c
2017-09-14,25.9,70:ee:50:27:2e:da
2017-09-14,26.5,70:ee:50:27:49:2e
2017-09-14,27.1,70:ee:50:28:e8:40
2017-09-15,26.3,02:00:00:18:fb:78
2017-09-15,22.2,02:00:00:19:22:6a
2017-09-15,16.9,02:00:00:21:01:52
2017-09-15,25.0,02:00:00:21:0a:9e
2017-09-15,18.5,02:00:00:27:38:c2
2017-09-15,24.1,02:00:00:27:39:82
2017-09-15,29.8,02:00:00:27:3d:6c
2017-09-15,24.2,02:00:00:27:3d:ca
2017-09-15,23.9,02:00:00:28:8c:e6
2017-09-15,18.1,03:00:00:02:c5:f8
2017-09-15,25.2,03:00:00:02:c6:44
2017-09-15,22.1,03:00:00:03:0e:48
2017-09-15,23.5,03:00:00:04:1a:d0
2017-09-15,23.0,03:00:00:04:f2:00
2017-09-15,23.8,03:00:00:05:05:30
2017-09-15,24.8,70:ee:50:19:09:8a
2017-09-15,24.1,70:ee:50:19:1a:18
2017-09-15,21.9,70:ee:50:19:3f:10
2017-09-15,18.6,70:ee:50:20:ad:96
2017-09-15,26.4,70:ee:50:20:b1:6c
2017-09-15,27.1,70:ee:50:27:2a:ce
2017-09-15,23.0,70:ee:50:27:2e:da
2017-09-15,18.2,70:ee:50:27:49:2e
2017-09-15,25.2,70:ee:50:27:71:6c
2017-09-15,24.1,70:ee:50:28:e8:40
2017-09-16,25.5,02:00:00:18:fb:78
2017-09-16,19.1,02:00:00:19:22:6a
2017-09-16,10.9,02:00:00:21:01:52
2017-09-16,20.8,02:00:00:21:0a:9e
2017-09-16,23.2,02:00:00:27:38:c2
2017-09-16,23.9,02:00:00:27:39:82
2017-09-16,26.5,02:00:00:27:3d:6c
2017-09-16,20.7,02:00:00:27:3d:ca
2017-09-16,23.6,02:00:00:28:8c:e6
2017-09-16,20.8,03:00:00:02:c5:f8
2017-09-16,21.5,03:00:00:02:c6:44
2017-09-16,19.8,03:00:00:03:0e:48
2017-09-16,23.6,03:00:00:04:1a:d0
2017-09-16,23.6,03:00:00:04:f2:00
2017-09-16,23.8,03:00:00:05:05:30
2017-09-16,24.1,70:ee:50:19:09:8a
2017-09-16,23.5,70:ee:50:19:1a:18
2017-09-16,26.2,70:ee:50:19:3f:10
2017-09-16,18.4,70:ee:50:20:ad:96
2017-09-16,21.2,70:ee:50:20:b1:6c
2017-09-16,25.4,70:ee:50:27:2a:ce
2017-09-16,23.6,70:ee:50:27:2e:da
2017-09-16,23.6,70:ee:50:27:49:2e
2017-09-16,20.7,70:ee:50:27:71:6c
2017-09-16,23.8,70:ee:50:28:e8:40
2017-09-17,20.5,02:00:00:18:fb:78
2017-09-17,17.6,02:00:00:19:22:6a
2017-09-17,21.6,02:00:00:21:0a:9e
2017-09-17,21.0,02:00:00:27:38:c2
2017-09-17,27.4,02:00:00:27:39:82
2017-09-17,22.2,02:00:00:27:3d:6c
2017-09-17,21.6,02:00:00:27:3d:ca
2017-09-17,26.8,02:00:00:28:8c:e6
2017-09-17,20.9,03:00:00:02:c6:44
2017-09-17,18.0,03:00:00:03:0e:48
2017-09-17,27.4,03:00:00:04:1a:d0
2017-09-17,26.2,03:00:00:04:f2:00
2017-09-17,27.1,03:00:00:05:05:30
2017-09-17,22.1,70:ee:50:19:09:8a
2017-09-17,20.9,70:ee:50:19:1a:18
2017-09-17,19.9,70:ee:50:19:3f:10
2017-09-17,21.9,70:ee:50:20:b1:6c
2017-09-17,21.4,70:ee:50:27:2a:ce
2017-09-17,27.0,70:ee:50:27:2e:da
2017-09-17,21.1,70:ee:50:27:49:2e
2017-09-17,21.4,70:ee:50:27:71:6c
2017-09-17,26.4,70:ee:50:28:e8:40
2017-09-18,22.3,02:00:00:18:fb:78
2017-09-18,25.0,02:00:00:19:22:6a
2017-09-18,14.4,02:00:00:21:01:52
2017-09-18,27.2,02:00:00:21:0a:9e
2017-09-18,27.5,02:00:00:27:39:82
2017-09-18,32.2,02:00:00:27:3d:6c
2017-09-18,27.1,02:00:00:27:3d:ca
2017-09-18,26.4,02:00:00:28:8c:e6
2017-09-18,28.4,03:00:00:02:c6:44
2017-09-18,25.1,03:00:00:03:0e:48
2017-09-18,26.7,03:00:00:04:1a:d0
2017-09-18,26.4,03:00:00:04:f2:00
2017-09-18,26.7,03:00:00:05:05:30
2017-09-18,25.9,70:ee:50:19:09:8a
2017-09-18,21.6,70:ee:50:19:1a:18
2017-09-18,33.9,70:ee:50:19:3f:10
2017-09-18,20.7,70:ee:50:20:ad:96
2017-09-18,28.1,70:ee:50:20:b1:6c
2017-09-18,31.4,70:ee:50:27:2a:ce
2017-09-18,26.8,70:ee:50:27:2e:da
2017-09-18,26.9,70:ee:50:27:71:6c
2017-09-18,27.2,70:ee:50:28:e8:40
