,sdate,block,vid,A_harv,B_harv,loss,sweetness
1,2016/05/04,A,v1,2,0,0,0
2,2016/05/09,A,v1,13.6,1,0,0
3,2016/05/11,A,v1,18,3.7,0,0
4,2016/05/13,A,v1,41,15.4,0,0
5,2016/05/16,A,v1,65,14.6,0,0
6,2016/05/19,A,v1,33.1,11.8,0,0
7,2016/05/24,A,v1,79,15.8,0,0
8,2016/05/26,A,v1,63.1,10.5,0,0
9,2016/05/30,A,v1,155.4,30.5,0,0
10,2016/06/01,A,v1,106.9,14,0,0
11,2016/06/04,A,v1,103.7,10.6,0,0
12,2016/06/07,A,v1,88.2,24.7,0,0
13,2016/06/11,A,v1,114.9,52.5,0,0
14,2016/06/15,A,v1,47.4,44.7,0,0
15,2016/06/17,A,v1,38.7,18.2,14,0
16,2016/06/20,A,v1,56.5,13.1,12,0
17,2016/06/22,A,v1,48.7,23,14.5,0
18,2016/06/24,A,v1,36.5,44.2,20,0
19,2016/06/27,A,v1,50.5,51.1,38.6,0
20,2016/06/27,F,v1,23.4,9.3,10.5,0
21,2016/06/29,A,v1,18.9,10,21.7,0
22,2016/06/29,F,v1,48.8,11.6,1.6,0
23,2016/07/01,A,v1,19.5,4.9,18.5,0
24,2016/07/01,F,v1,36.1,11.1,0.9,0
25,2016/07/04,A,v1,12.5,9.2,10,0
26,2016/07/04,F,v1,16.7,8.4,1.6,0
27,2016/07/06,A,v1,11,11.4,9,0
28,2016/07/06,F,v1,2.3,4.7,1.1,0
29,2016/07/08,A,v1,4.8,5.7,10.8,0
30,2016/07/08,F,v1,0,0,4,0
31,2016/07/11,A,v1,13.4,19.3,23.1,0
32,2016/07/11,F,v1,39.5,23,7.1,0
33,2016/07/13,A,v1,2.4,26.8,5.8,0
34,2016/07/13,F,v1,61.2,115.2,31.1,0
35,2016/07/15,E,v1,2.3,0.9,1.2,0
36,2016/07/15,F,v1,32.9,15.8,9,0
37,2016/07/18,E,v1,18.6,15.1,9.5,0
38,2016/07/18,F,v1,45.2,59,68.5,0
39,2016/07/20,E,v1,10.3,9.3,9.2,0
40,2016/07/20,F,v1,56.5,49.3,16.6,0
41,2016/07/22,E,v1,5.8,5.7,3,0
42,2016/07/22,F,v1,25.5,29.8,7.2,0
43,2016/07/25,E,v1,11.6,19.7,2.9,0
44,2016/07/25,F,v1,21.3,33.8,9.5,0
45,2016/07/27,E,v1,23.2,47.6,0.8,0
46,2016/07/27,F,v1,9.6,23.7,2.8,0
47,2016/07/29,E,v1,35.2,75.2,11.1,0
48,2016/07/29,F,v1,18,32.9,6.3,0
49,2016/08/01,E,v1,15.7,28.5,4.7,0
50,2016/08/01,F,v1,12,12.2,3.4,0
51,2016/08/04,E,v1,2.8,8.6,13.3,0
52,2016/08/04,F,v1,19.5,42.3,16.3,0
53,2016/08/06,E,v1,3.2,9.4,6.6,0
54,2016/08/06,F,v1,8,11.5,4.3,0
55,2016/08/08,E,v1,5.7,16.9,6.9,0
56,2016/08/08,F,v1,11,15,2.3,0
57,2016/08/10,D,v1,0,0,1.6,0
58,2016/08/10,E,v1,3.3,10.1,3.2,0
59,2016/08/10,F,v1,2.6,6.9,1.2,0
60,2016/08/12,D,v1,5.2,13.3,1.7,0
61,2016/08/12,E,v1,2.5,2.8,0,0
62,2016/08/12,F,v1,1.7,0.8,0.2,0
63,2016/08/14,D,v1,0,0,21.2,0
64,2016/08/14,E,v1,8.6,13.7,8.1,0
65,2016/08/14,F,v1,1.8,5,1.2,0
66,2016/08/15,D,v1,8.8,49.6,21.8,0
67,2016/08/18,D,v1,1.2,14.6,7.5,0
68,2016/08/18,E,v1,3.9,11.9,2.8,0
69,2016/08/18,F,v1,1.2,3,1.7,0
70,2016/08/20,D,v1,1.3,15.2,9.4,0
71,2016/08/20,E,v1,5.8,7.1,3.5,0
72,2016/08/20,F,v1,0,5.4,1.1,0
73,2016/08/22,D,v1,1,13.2,1.8,0
74,2016/08/22,E,v1,4,4.6,0.7,0
75,2016/08/24,D,v1,0.6,11.1,3.7,0
76,2016/08/24,E,v1,4.6,10.5,1.8,0
77,2016/08/26,D,v1,0.6,7.5,0.9,0
78,2016/08/26,E,v1,5.4,8.5,1.1,0
79,2016/08/30,D,v1,0.4,3.8,1.1,0
80,2016/08/30,E,v1,5.1,6.4,0.8,0
81,2016/09/02,D,v1,0.9,3.3,15.9,0
82,2016/09/02,E,v1,3.1,4.3,0.5,0
83,2016/09/05,D,v1,0.8,3,1.6,0
84,2016/09/05,E,v1,2,6.2,2,0
85,2016/09/07,D,v1,1,5.7,1.3,0
86,2016/09/07,E,v1,2.9,9.8,1.5,0
87,2016/09/09,D,v1,0.9,2.2,1.1,0
88,2016/09/09,E,v1,1.7,2,0.5,0
89,2016/09/12,D,v1,2.4,4,1.1,0
90,2016/09/12,E,v1,2.7,10.4,3.3,0
91,2016/09/14,D,v1,1.2,2.6,0.5,0
92,2016/09/19,D,v1,1.2,3.9,2.7,0
93,2016/09/21,D,v1,0.5,1.6,6,0
94,2016/09/23,D,v1,0,0,0,0
95,2016/09/26,D,v1,0.2,7.2,7.7,0
96,2016/09/28,D,v1,0.1,1.8,8,1.4
97,2016/09/30,C,v1,0,0.1,0,6
98,2016/09/30,D,v1,0,0,30.2,7.5
99,2016/10/03,C,v1,1.3,1.1,0.1,5.5
100,2016/10/03,D,v1,0.1,7.3,4.5,9
101,2016/10/05,C,v1,4.2,2.7,0.3,6
102,2016/10/05,D,v1,0,1.5,3.4,8
103,2016/10/07,C,v1,5.6,3.8,0.5,6
104,2016/10/09,C,v1,5.1,5.8,0.2,6
105,2016/10/12,C,v1,3.6,7.9,1.1,6.8
106,2016/10/12,D,v1,6.6,6,2.2,8.5
107,2016/10/14,C,v1,1.8,4.4,0.1,7
108,2016/10/15,C,v1,3.8,1.5,0.1,7
109,2016/10/17,C,v1,2.5,3.2,1.1,7
110,2016/10/19,C,v1,3.1,7.4,3.1,6.75
111,2016/10/21,C,v1,4.2,4.3,5.1,7
112,2016/10/24,A,v1,3.6,0,0,6.5
113,2016/10/24,C,v1,3.2,6.6,3.5,7.2
114,2016/10/26,A,v1,4.2,0,0,7
115,2016/10/26,C,v1,5,8.9,2,25.125
116,2016/10/28,A,v2,1.2,0,0,7
117,2016/10/28,A,v1,4.3,0,0,7.8
118,2016/10/28,B,v1,1.7,1.7,1,5.5
119,2016/10/28,C,v1,7.7,7.5,1.5,7.1
120,2016/10/28,F,v1,0.3,0,0,0
121,2016/10/31,A,v2,0.8,0,0,0.8
122,2016/10/31,A,v3,2.4,0,0,6.5
123,2016/10/31,B,v1,0,0,0,0
124,2016/10/31,C,v1,7,6.4,1.9,7.3
125,2016/10/31,F,v2,0.3,0,0,7
126,2016/11/01,C,v1,2.8,1.4,0.4,7
127,2016/11/02,A,v2,1.4,0,0.1,7.4
128,2016/11/02,A,v3,2.8,0,0.2,8.5
129,2016/11/02,B,v1,1.1,0.9,0.5,6.5
130,2016/11/02,C,v1,1.6,0.9,0.5,7.5
131,2016/11/02,F,v1,0.2,0,0,7
132,2016/11/04,A,v2,1,0,0.1,7.1
133,2016/11/04,A,v3,3.3,0,0.1,7.4
134,2016/11/04,B,v1,3.1,1.7,0.4,5.7
135,2016/11/04,C,v1,2,1.6,0.5,7.5
136,2016/11/04,F,v1,4.9,7,0.5,5
137,2016/11/04,F,v2,0.1,0,0,7.5
138,2016/11/07,A,v2,1.8,0,0,7.3
139,2016/11/07,A,v3,10.6,0,0,8
140,2016/11/07,B,v1,6.3,8.8,1.1,5.5
141,2016/11/07,C,v1,2,4,1.1,8.1
142,2016/11/07,F,v1,32.9,31.3,3,5
143,2016/11/10,A,v2,13.9,0,0.2,7.8
144,2016/11/11,A,v3,3.9,0,0,8
145,2016/11/11,B,v1,17.6,20.9,4.5,6.25
146,2016/11/11,C,v1,1,3.9,0.9,8.5
147,2016/11/11,F,v1,33.8,24.7,5.4,6.7
148,2016/11/11,F,v2,0.8,0,0,8
149,2016/11/12,A,v2,1.5,0,0,8
150,2016/11/12,A,v3,1.3,0,0,8
151,2016/11/12,B,v1,33.5,15.9,8.8,6
152,2016/11/12,C,v1,3,7.6,0.9,8
153,2016/11/12,F,v1,34,31.6,6.7,4.5
154,2016/11/12,F,v2,0.8,0,0,8
155,2016/11/14,A,v2,2.5,0,0,9
156,2016/11/14,A,v3,5.6,0,0,7.5
157,2016/11/14,B,v1,14.6,5.5,2.5,7
158,2016/11/14,C,v1,3.7,10,4.6,6.8
159,2016/11/14,F,v1,26.7,25.9,3,6.5
160,2016/11/14,F,v2,0.2,0,0,7
161,2016/11/16,A,v2,15,0,0,8
162,2016/11/16,A,v3,8.8,0,0,8
163,2016/11/16,B,v1,6.8,5.8,1.3,6.8
164,2016/11/16,C,v1,1.3,5.9,2.3,7.7
165,2016/11/16,F,v1,9.9,7.9,4.5,6
166,2016/11/16,F,v2,0.2,0,0,7.5
167,2016/11/18,A,v2,1.7,0,0,8
168,2016/11/18,A,v3,6.9,0,0,8.5
169,2016/11/18,B,v1,10,6.5,1.6,6.6
170,2016/11/18,C,v1,1.9,7.2,3.5,8.2
171,2016/11/18,F,v1,23.6,19.5,2.6,6.2
172,2016/11/18,F,v2,0.3,0,0,7
173,2016/11/21,A,v2,8.1,0,0.9,8.5
174,2016/11/21,A,v3,6.5,0,0.1,9
175,2016/11/21,B,v1,19.1,13.1,5,7.8
176,2016/11/21,C,v1,1.9,3.6,15.9,8
177,2016/11/21,F,v1,13.2,16.8,3.2,6.6
178,2016/11/21,F,v2,0.4,0,0,8.5
179,2016/11/23,A,v2,3,0,0.3,9
180,2016/11/23,A,v3,5.1,0,0,8
181,2016/11/23,B,v1,9.2,6.2,3.9,6.5
182,2016/11/23,C,v1,2.6,12.7,8.4,8.5
183,2016/11/23,F,v1,16.1,15,2.2,6
184,2016/11/23,F,v2,0.9,0,0.1,8.5
185,2016/11/25,A,v2,3.4,0,0.1,8
186,2016/11/25,A,v3,8.9,0,0.1,8
187,2016/11/25,B,v1,10.6,9.2,2.4,6.55
188,2016/11/25,C,v1,0.6,2.3,4.1,8
189,2016/11/25,F,v1,4.1,6.2,0.4,6.6
190,2016/11/25,F,v2,0.2,0,0,7.3
191,2016/11/28,A,v1,9.4,0,1.2,8.5
192,2016/11/28,A,v3,13.9,0,0.2,8
193,2016/11/28,B,v1,7.1,4.6,0.8,7.5
194,2016/11/28,C,v1,2.9,16.2,14.1,8.65
195,2016/11/28,F,v1,17.1,8.9,1.3,5.2
196,2016/11/28,F,v2,0.4,0,0,7.5
197,2016/11/30,A,v2,12.6,0,0.6,9
198,2016/11/30,A,v3,4.5,0,0.1,9
199,2016/11/30,B,v1,9.8,12.4,4.9,8.55
200,2016/11/30,C,v1,3.2,11.9,5.5,9.2
201,2016/11/30,F,v1,12.4,1.8,0.2,6.8
202,2016/11/30,F,v2,1,0,0,7
203,2016/12/02,A,v2,6.7,0,0.3,9.5
204,2016/12/02,A,v3,1.9,0,0,9.5
205,2016/12/02,B,v1,4.8,2.1,2,8.5
206,2016/12/02,C,v1,3,10.6,0.2,9.3
207,2016/12/02,F,v1,29.7,9.9,1.5,6
208,2016/12/02,F,v2,0.6,0,0,7.5
209,2016/12/04,C,v1,0.5,0.5,16.2,11
210,2016/12/05,A,v2,7.3,0,0.5,10
211,2016/12/05,A,v3,3.2,0,0.1,4.5
212,2016/12/05,B,v1,15.6,9.6,6.5,8.4
213,2016/12/05,E,v1,11.8,9.7,2.8,5.3
214,2016/12/05,F,v1,9.8,8.4,1,5.3
215,2016/12/05,F,v2,0.5,0,0,8.3
216,2016/12/07,A,v2,8.3,0,0.2,8.5
217,2016/12/07,A,v3,6.6,0,0.4,8
218,2016/12/07,B,v1,1,0.7,1,8.25
219,2016/12/07,E,v1,2.9,1.4,1.4,5.75
220,2016/12/07,F,v1,17,2,0.4,6.65
221,2016/12/07,F,v2,1.6,0,0,8.2
222,2016/12/09,A,v2,6.8,0,0.1,9
223,2016/12/09,A,v3,1.5,0,0.1,10
224,2016/12/09,B,v1,17.7,11.9,2.4,7.5
225,2016/12/09,E,v1,37.1,14.4,3.2,5.75
226,2016/12/09,F,v1,6.5,4.1,2.1,5.5
227,2016/12/09,F,v2,0.8,0,0,7
228,2016/12/10,A,v2,5.4,0,0,7.8
229,2016/12/12,A,v2,10.7,0,0.2,9.5
230,2016/12/12,A,v3,4.1,0,0.2,10
231,2016/12/12,B,v1,6.8,5.3,0.7,7.6
232,2016/12/12,E,v1,25.4,12.7,2.4,6.9
233,2016/12/12,F,v1,47.9,18.9,5.2,6.5
234,2016/12/12,F,v2,1.2,0,0,8
235,2016/12/14,A,v2,9.7,0,0.2,9
236,2016/12/14,A,v3,3,0,0.3,11
237,2016/12/14,B,v1,5.6,4.8,0.4,8.25
238,2016/12/14,E,v1,28.6,4.3,0.9,5.5
239,2016/12/14,F,v1,26,6.1,4.5,5.9
240,2016/12/14,F,v2,0.8,0,0,8
241,2016/12/16,A,v2,8.4,0,0.1,8.5
242,2016/12/16,A,v3,6,0,0.5,9.5
243,2016/12/16,B,v1,6.3,7.7,7.7,8.25
244,2016/12/16,E,v1,33.9,7,2.8,5
245,2016/12/16,F,v1,28.5,7.8,6.1,5.75
246,2016/12/16,F,v2,0.7,0,0,7
247,2016/12/19,A,v2,3.8,0,0.2,10
248,2016/12/19,A,v3,1.1,0,0.1,10.5
249,2016/12/19,B,v1,11,11.9,6.5,6.5
250,2016/12/19,E,v1,40.4,16.1,3.2,5.15
251,2016/12/19,F,v1,40.9,15.5,3.1,6
252,2016/12/19,F,v2,0.8,0,0,8.5
253,2016/12/21,A,v2,8,0,0.2,9.5
254,2016/12/21,A,v3,5.9,0,0.1,10
255,2016/12/21,B,v1,5.2,6.5,3.4,8.75
256,2016/12/21,E,v1,39.4,3,1.5,5.25
257,2016/12/21,F,v1,15.5,7.7,1.3,5.75
258,2016/12/21,F,v2,0.8,0,0,8.5
259,2016/12/23,A,v2,6.6,0,0.1,9
260,2016/12/23,A,v3,8.2,0,0.3,9.5
261,2016/12/23,B,v1,13.8,20.2,2,8.5
262,2016/12/23,E,v1,67.4,9.9,0.7,5.25
263,2016/12/23,F,v1,46.2,20.8,2.9,7
264,2016/12/23,F,v2,0.5,0,0,8.5
265,2016/12/26,A,v2,8.4,0,0.1,10
266,2016/12/26,A,v3,2,0,0.2,10
267,2016/12/26,B,v1,6.7,8,2.2,8.25
268,2016/12/26,E,v1,18.1,7.2,1.4,6.8
269,2016/12/26,F,v1,36,10,1.5,8.75
270,2016/12/26,F,v2,0.8,0,0.1,8.5
271,2016/12/27,A,v2,2.9,0,0,10
272,2016/12/27,A,v3,1.1,0,0.1,10.5
273,2016/12/27,B,v1,11.6,16.1,2.7,8.75
274,2016/12/27,E,v1,20.3,2.9,0.1,7.8
275,2016/12/27,F,v1,0,0,0,0
276,2016/12/27,F,v2,0.3,0,0,8.5
277,2017/01/03,A,v2,22.9,0,0,9.3
278,2017/01/04,A,v3,9.6,0,2.3,10
279,2017/01/04,B,v1,8.9,5.6,2.4,10.5
280,2017/01/04,E,v1,65.1,15.6,4.8,6.8
281,2017/01/05,F,v1,56.3,28.4,7.2,7.8
282,2017/01/05,F,v2,1.6,0,0.2,9.8
283,2017/01/06,A,v2,10.4,0,1.7,10
284,2017/01/06,A,v3,12.8,0,4.4,10
285,2017/01/06,B,v1,1.9,1.1,0.3,9.3
286,2017/01/06,E,v1,16,4.1,0.8,7
287,2017/01/06,F,v1,14.2,8.3,1.8,8.5
288,2017/01/06,F,v2,1.2,0,0,10
289,2017/01/09,A,v2,5.7,0,0.7,10
290,2017/01/09,A,v3,7.8,0,2.3,11
291,2017/01/09,B,v1,7.6,7.5,3.7,9.5
292,2017/01/09,E,v1,33.3,4,0.8,7.55
293,2017/01/09,F,v1,14.7,11,1.9,7.15
294,2017/01/09,F,v3,0.7,0,0.1,10
295,2017/01/11,A,v2,1.9,0,0.1,11
296,2017/01/11,A,v3,0,0,0,0
297,2017/01/11,E,v1,16.4,3,0.1,7.8
298,2017/01/11,F,v1,20.5,7,2.9,8.3
299,2017/01/11,F,v2,0,0,0,0
300,2017/01/13,A,v2,5.4,0,0.3,11
301,2017/01/13,A,v3,13.7,0,0.2,10
302,2017/01/13,E,v1,10.8,3.7,0.4,6.15
303,2017/01/13,F,v1,17.8,9.5,0.7,8.4
304,2017/01/13,F,v2,0,0,0,0
305,2017/01/16,A,v2,8.7,0,0.8,10
306,2017/01/16,A,v3,5.1,0,0.1,9.3
307,2017/01/16,E,v1,41.6,8.2,1,8.5
308,2017/01/16,F,v1,46.4,10.3,1.5,8.5
309,2017/01/16,F,v2,2,0,0.2,10.5
310,2017/01/18,A,v2,6,0,0.2,10
311,2017/01/18,A,v3,5,0,0.1,10
312,2017/01/18,E,v1,23.4,8.1,0.8,7.5
313,2017/01/18,F,v1,42.4,9.3,1.9,6.9
314,2017/01/18,F,v2,0.7,0,0,10.5
315,2017/01/20,A,v2,4.3,0,0.2,11
316,2017/01/20,A,v3,2.7,0,0.1,11
317,2017/01/20,E,v1,27.5,18.9,2.5,7.8
318,2017/01/20,F,v1,10.6,9.1,0.2,8.2
319,2017/01/20,F,v2,0.5,0,0,11
320,2017/01/23,A,v2,3.2,0,0.2,11.5
321,2017/01/23,A,v3,4.1,0,0.1,11
322,2017/01/23,E,v1,7.5,7.2,0.5,8.2
323,2017/01/23,F,v1,4.4,2.4,0.9,8.8
324,2017/01/23,F,v2,0.7,0,0,10
325,2017/01/25,A,v2,4.9,0,0,11.5
326,2017/01/25,A,v3,5.4,0,0,11
327,2017/01/25,E,v1,5.7,6.6,0.6,8.3
328,2017/01/25,F,v1,29.6,17.5,1.3,7.8
329,2017/01/25,F,v2,0.9,0,0,11
330,2017/01/27,A,v2,0,0,0,0
331,2017/01/27,A,v3,0,0,0,0
332,2017/01/27,E,v1,42.2,61,6.7,8
333,2017/01/27,F,v1,32,15,1.7,8.5
334,2017/01/27,F,v2,0,0,0,0
335,2017/01/30,A,v2,7,0,0.9,11
336,2017/01/30,A,v3,4.8,0,0,11
337,2017/01/30,E,v1,42.7,37.7,5.6,8.3
338,2017/01/30,F,v1,18.4,9,0.7,8.5
339,2017/01/30,F,v2,0,0,0,0
340,2017/02/01,A,v2,4.9,0,0.2,12.5
341,2017/02/01,A,v3,6.1,0,0.2,11
342,2017/02/01,E,v1,10.9,11.8,0.9,9.5
343,2017/02/01,F,v1,23.3,15.8,1,7.9
344,2017/02/01,F,v2,1,0,0.1,11
345,2017/02/03,A,v2,4.1,0,0.2,11.5
346,2017/02/03,A,v3,6.2,0,0.1,11
347,2017/02/03,E,v1,13.2,12.8,1,9.1
348,2017/02/03,F,v1,18.4,7,0.3,8.25
349,2017/02/06,A,v2,4.8,0,0.2,10.5
350,2017/02/06,A,v3,5.6,0,0.1,10
351,2017/02/06,E,v1,13.1,14.4,1.1,8.9
352,2017/02/08,A,v2,5.2,0,0.1,10
353,2017/02/08,A,v3,4.9,0,0,10.5
354,2017/02/08,E,v1,26,13.2,0.4,8
355,2017/02/10,A,v2,4,0,0,10
356,2017/02/10,A,v3,3.6,0,0.1,11.5
357,2017/02/10,E,v1,14.2,5.5,0.7,8.5
358,2017/02/11,E,v1,6.7,2,0,10
359,2017/02/13,A,v2,3.9,0,0.1,11.5
360,2017/02/13,A,v3,1.9,0,0.1,11.5
361,2017/02/13,E,v1,10.2,1.4,0.3,7.8
362,2017/02/15,A,v2,5,0,0.2,10
363,2017/02/15,A,v3,3.2,0,0.1,10.5
364,2017/02/15,E,v1,12.9,4.3,0.3,9.6
365,2017/02/17,A,v2,4.9,0,0.1,11
366,2017/02/17,A,v3,2.3,0,0.1,10.5
367,2017/02/17,E,v1,11.6,3.3,0.3,10.3
368,2017/02/20,A,v2,3.1,10,0.1,10.5
369,2017/02/20,A,v3,3,0,0,11
370,2017/02/20,D,v1,0.5,0,0,7
371,2017/02/20,E,v1,19.8,1.8,0.3,9
372,2017/02/22,A,v2,4.6,0,0.1,10
373,2017/02/22,A,v3,4,0,0.1,10.5
374,2017/02/22,D,v1,0.1,0.5,0,7
375,2017/02/22,E,v1,14.4,1.7,0.1,8.8
376,2017/02/24,A,v2,3.6,0,0.2,11
377,2017/02/24,A,v3,2.4,0,0.1,11
378,2017/02/24,D,v1,0.3,0.3,0,9
379,2017/02/24,E,v1,19.5,2.2,0.1,10.5
380,2017/02/27,A,v2,2.4,0,0,10
381,2017/02/27,A,v3,2.9,0,0,11
382,2017/02/27,D,v1,3.7,3.8,0.8,8.4
383,2017/02/27,E,v1,10.2,2.3,0.4,11
384,2017/03/01,A,v2,3,0,0.2,10
385,2017/03/01,A,v3,4,0,0.1,11
386,2017/03/01,D,v1,2.2,3.2,0.7,9.9
387,2017/03/01,E,v1,2.4,0.7,0.1,9.3
388,2017/03/03,A,v2,3.1,0,0.1,10
389,2017/03/03,A,v3,5,0,0.1,10.5
390,2017/03/03,D,v1,10.9,6.1,0,8
391,2017/03/03,E,v1,21.2,3.2,0,9.3
392,2017/03/04,D,v1,16,0,0.5,8.3
393,2017/03/06,A,v2,2.2,0,0.2,11
394,2017/03/06,A,v3,3.8,0,0,12
395,2017/03/06,D,v1,8,7.6,0.1,9
396,2017/03/06,E,v1,26.8,3.9,0.5,8.8
397,2017/03/08,A,v2,4,0,0.1,12
398,2017/03/08,A,v3,0.7,0,0.1,11
399,2017/03/08,D,v1,20,0.9,0.6,7.5
400,2017/03/08,E,v1,30.1,2.9,0.3,9
401,2017/03/09,A,v2,1,0,0.1,11
402,2017/03/09,A,v3,1.3,0,0.1,13
403,2017/03/09,D,v1,5.2,4.3,0.4,8.8
404,2017/03/09,E,v1,2.8,0.3,0.1,11
405,2017/03/10,A,v2,1.1,0,0.1,10
406,2017/03/10,A,v3,1,0,0,13
407,2017/03/10,D,v1,8.7,5.7,0.1,8.8
408,2017/03/10,E,v1,6.3,1.3,0.1,12
409,2017/03/13,A,v2,1,0,0.1,10.5
410,2017/03/13,A,v3,2,0,0,14
411,2017/03/13,D,v1,58.8,13.2,1,8.8
412,2017/03/15,A,v2,1,0,0.1,11
413,2017/03/15,A,v3,2.5,0,0.1,13
414,2017/03/15,C,v1,0.2,0,0.1,9.5
415,2017/03/15,D,v1,41.1,14.3,0.2,8.8
416,2017/03/16,A,v2,2,0,0,12
417,2017/03/16,A,v3,2,0,0,11.5
418,2017/03/16,C,v1,0.1,0,0.1,8.5
419,2017/03/16,D,v1,25.4,4.7,0.2,9
420,2017/03/20,A,v2,2.2,0,0,0
421,2017/03/20,A,v3,3.8,0,0,0
422,2017/03/20,C,v1,1,0.2,0.2,9
423,2017/03/20,D,v1,38,11.2,0.5,8.75
424,2017/03/22,A,v2,2.6,0,0,11.5
425,2017/03/22,A,v3,3.7,0,0,10.5
426,2017/03/22,C,v1,1.8,0,0.1,9
427,2017/03/22,D,v1,65.7,7.4,0.4,8.5
428,2017/03/24,A,v2,2.3,0,0.1,11
429,2017/03/24,A,v3,3.2,0,0.1,11.5
430,2017/03/24,C,v1,2.2,0,0,9.5
431,2017/03/24,D,v1,53.1,11.8,0.4,8.5
432,2017/03/27,A,v2,1.8,0,0.2,11
433,2017/03/27,A,v3,5,0,0.1,10
434,2017/03/27,C,v1,1.8,0,0,10
435,2017/03/27,D,v1,34.7,6.5,0.3,9
436,2017/03/29,A,v2,1.5,0,0,11
437,2017/03/29,A,v3,3,0,0,11
438,2017/03/29,C,v1,3.9,0.5,0,0
439,2017/03/29,D,v1,24.2,4.8,0.1,9
440,2017/03/30,D,v1,34.3,3,0.3,8
441,2017/03/31,A,v2,3,0,0.1,10
442,2017/03/31,A,v3,3.8,0,0.1,10.5
443,2017/03/31,C,v1,9.5,1.5,0,10
444,2017/03/31,D,v1,23.9,5.7,0.1,9.5
445,2017/04/03,A,v2,4.8,0,0.1,10
446,2017/04/03,A,v3,3.4,0,0.1,10
447,2017/04/03,C,v1,2.5,0.3,0,8.5
448,2017/04/03,D,v1,26.2,5.4,0.1,9
449,2017/04/05,A,v2,5.3,0,0,10
450,2017/04/05,A,v3,1.1,0,0,11
451,2017/04/05,C,v1,6.4,0.6,0,9
452,2017/04/05,D,v1,37.9,2.7,0.1,0
453,2017/04/07,A,v2,2.4,0,0.1,10.5
454,2017/04/07,A,v3,2.3,0,0,11
455,2017/04/07,C,v1,2.8,1.5,0,9
456,2017/04/07,D,v1,45.4,4.4,0.2,10
457,2017/04/10,A,v2,4,0,0,9.5
458,2017/04/10,A,v3,2,0,0,10
459,2017/04/10,B,v2,2.8,0,0.8,7.5
460,2017/04/10,C,v1,21.2,1.5,0.2,12
461,2017/04/10,D,v1,53.2,4.8,0.9,9
462,2017/04/12,A,v2,0,0,0,12
463,2017/04/12,A,v3,0,0,0,0
464,2017/04/12,B,v2,0,0,0,0
465,2017/04/12,B,v2,0,0,0,0
466,2017/04/12,C,v1,18,0.9,0,0
467,2017/04/12,D,v1,106.7,8,0.5,10
468,2017/04/13,A,v2,4.9,0,0.1,8.5
469,2017/04/13,A,v3,3.4,0,0,10.5
470,2017/04/13,B,v2,2.5,0,0.4,12
471,2017/04/14,A,v2,1.8,0,0.1,7.5
472,2017/04/14,A,v3,3.6,0,0.2,12
473,2017/04/14,B,v2,0.6,0,0.2,10
474,2017/04/14,C,v1,0,0,0,0
475,2017/04/14,D,v1,79.4,2.3,0.9,9.5
476,2017/04/15,C,v1,28.2,0.6,0,10.3
477,2017/04/17,B,v2,6.6,0,1.2,9.5
478,2017/04/17,C,v1,32.6,3.3,0.5,10
479,2017/04/17,D,v1,83.6,12.3,2.3,9.5
480,2017/04/19,B,v2,6.3,0,0.6,10
481,2017/04/19,C,v1,23.6,3.8,0.1,10.5
482,2017/04/19,D,v1,25.4,5,0.2,9
483,2017/04/21,B,v2,3.5,0,0.8,10.5
484,2017/04/21,B,v2,6.6,0,0.1,10
485,2017/04/21,C,v1,13.1,0.6,0.5,11
486,2017/04/21,D,v1,52.2,8.5,0.7,9.5
487,2017/04/24,B,v2,3,0,0.4,9.5
488,2017/04/24,B,v2,11.3,0,0.1,10
489,2017/04/25,B,v3,0.4,0,0,10
490,2017/04/25,C,v1,27.1,0.8,0,9.5
491,2017/04/25,D,v1,66.4,13.3,0.5,9.5
492,2017/04/26,B,v2,6.1,0,0.3,10
493,2017/04/26,B,v2,8.6,0,0.1,10
494,2017/04/26,B,v3,0.3,0,0,9.5
495,2017/04/26,C,v1,34.8,3.4,0.4,10
496,2017/04/26,D,v1,23.1,4.6,0.1,9.5
497,2017/04/28,B,v2,11.8,0,0.1,10
503,2016/12/16,B,v4,6.3,7.7,7.7,0
504,2017/06/02,B,v2,6.8,0,0,10
505,2017/06/02,B,v4,2.3,0,0,9
506,2017/06/02,B,v3,2.5,0,0,9
507,2017/06/02,C,v1,1.3,2.6,1.4,10
508,2017/06/02,E,v1,34.2,11,0.7,0
509,2017/06/02,F,v1,52.6,14.2,0.1,0
510,2017/06/02,F,v2,3.2,0,0.1,10.5
511,2017/06/05,B,v2,9.2,0,0.1,10.5
512,2017/06/05,C,v1,3.5,5.3,1.6,0
513,2017/06/05,E,v1,89.7,44.8,1.7,0
514,2017/06/06,B,v4,6.3,0,0.1,9
515,2017/06/06,B,v3,5.1,0,0,10
516,2017/06/06,F,v1,69.6,29,1.8,0
517,2017/06/06,F,v2,7.5,0,0,10
518,2017/06/07,B,v2,14.5,0,0,9.5
519,2017/06/07,B,v4,3.6,0,0.1,9
520,2017/06/07,B,v3,3,0,0,10
521,2017/06/07,C,v1,1,4.4,0.7,0
522,2017/06/07,E,v1,84.9,16,1.2,0
523,2017/06/07,F,v1,41.7,17.3,0.2,0
524,2017/06/07,F,v2,6.4,0,0,10.5
525,2017/06/09,E,v1,112.3,22.8,2.3,0
526,2017/06/09,F,v1,45.6,32.4,4.2,0
527,2017/06/09,F,v2,4.7,0,0,10
528,2017/06/10,B,v2,12.7,0,0.1,10
529,2017/06/10,B,v4,3.4,0,0.1,7
530,2017/06/10,B,v3,3.5,0,0,10
531,2017/06/10,C,v1,3,3.9,0.5,0
532,2017/06/12,B,v2,13,0,0,10
533,2017/06/12,B,v4,4,0,0.1,9
534,2017/06/12,B,v3,3.2,0,0.1,10
535,2017/06/12,C,v1,1,5.3,0.4,0
536,2017/06/12,E,v1,94.7,45.7,3.5,0
537,2017/06/12,F,v1,32.9,23.8,3,0
538,2017/06/12,F,v2,4.5,0,0.1,10
539,2017/06/14,B,v2,11.5,0,0.1,9.5
540,2017/06/14,B,v4,3,0,0.1,7.5
541,2017/06/14,B,v3,1.5,0,0.1,9
542,2017/06/14,E,v1,65.2,49.1,8,10
543,2017/06/14,F,v1,33.1,45.2,4.7,0
544,2017/06/14,F,v2,5.4,0,0.1,11
545,2017/06/15,C,v1,5,13.5,1.7,9
546,2017/06/19,A,v2,1.1,0,0.1,11
547,2017/06/19,A,v3,1.1,0,0,10
548,2017/06/19,B,v2,11.4,0,0.1,11
549,2017/06/19,B,v4,2.7,0,0.1,8
550,2017/06/19,B,v3,1,0,0,10
551,2017/06/19,E,v1,59.6,60.1,6.6,7.5
552,2017/06/19,F,v1,23.4,37.4,5.2,0
553,2017/06/19,F,v2,5.2,0,0.1,11
554,2017/06/20,C,v1,14.9,39,1.5,0
555,2017/06/21,A,v2,2,0,0.1,7
556,2017/06/21,A,v3,3,0,0.1,8
557,2017/06/21,B,v2,10.5,0,0.1,11
558,2017/06/21,B,v4,2.1,0,0.1,8
559,2017/06/21,B,v3,3,0,0,9
560,2017/06/21,C,v1,5.5,14.5,0.7,7.5
561,2017/06/21,E,v1,38.9,34.8,0.7,0
562,2017/06/21,F,v1,14.6,19.9,3.7,0
563,2017/06/21,F,v2,4,0,0.1,10
564,2017/06/23,A,v2,10.5,0,0.1,7
565,2017/06/23,A,v3,13.5,0,0.1,8
566,2017/06/23,B,v2,7,0,0.1,10
567,2017/06/23,B,v4,3.7,0,0.1,7.5
568,2017/06/23,B,v3,3.5,0,0.1,9
569,2017/06/23,C,v1,4.5,2.4,0.4,0
570,2017/06/23,E,v1,50.9,30.9,2.3,0
571,2017/06/23,F,v1,28.2,29.2,2.3,0
572,2017/06/23,F,v2,2.5,0,0.1,12
573,2017/06/26,A,v2,32.7,0,0.2,0
574,2017/06/26,A,v3,11,0,0.2,0
575,2017/06/26,B,v2,15.9,0,0.1,11
576,2017/06/26,B,v4,7.8,0,0.1,9
577,2017/06/26,B,v3,2.7,0,0.1,10
578,2017/06/26,F,v1,24.8,39.3,2.5,0
579,2017/06/26,F,v2,3.5,0,0.1,10
580,2017/06/27,C,v1,13.5,33.1,0.4,11
581,2017/06/27,E,v1,52,71,1.9,0
582,2017/06/28,A,v2,14,0,0.1,8.5
583,2017/06/28,A,v3,3,0,0.1,7
584,2017/06/28,B,v2,10.4,0,0.1,11
585,2017/06/28,B,v4,2.6,0,0.1,8.5
586,2017/06/28,B,v3,1.6,0,0.1,10
587,2017/06/28,E,v1,19.1,10.1,0.7,8
588,2017/06/28,F,v1,10.3,2.9,1.9,0
589,2017/06/28,F,v2,1.5,0,0.1,10
590,2017/06/29,C,v1,4,9,0.1,10
591,2017/06/30,A,v2,9.6,0,0.1,0
592,2017/06/30,B,v2,11.6,0,0.1,10
593,2017/06/30,B,v4,3.1,0,0.1,7
594,2017/06/30,B,v3,0.4,0,0,10
595,2017/06/30,E,v1,23,62.2,1,0
596,2017/06/30,F,v1,21,30.5,1.5,0
597,2017/06/30,F,v2,3.1,0,0.1,10
598,2017/07/01,C,v1,1.1,0.3,0,0
599,2017/07/03,A,v2,8.3,0,0.1,0
600,2017/07/03,A,v3,7.5,0,0.1,0
601,2017/07/03,B,v2,9.9,0,0.1,10
602,2017/07/03,B,v4,2.8,0,0.1,6
603,2017/07/03,B,v3,1.5,0,0.1,9
604,2017/07/04,C,v1,1.5,1.1,0,0
605,2017/07/04,E,v1,27,66.3,2.3,0
606,2017/07/04,F,v1,26,39.7,2.8,0
607,2017/07/04,F,v2,3.8,0,0,10
608,2017/07/05,A,v2,11,0,0.1,7.5
609,2017/07/05,A,v3,2.4,0,0,9
610,2017/07/05,B,v2,2.9,0,0.1,9
611,2017/07/05,B,v4,1.9,0,0.1,7.5
612,2017/07/05,B,v3,0.7,0,0.1,10
613,2017/07/05,F,v2,1.6,0,0.1,10
614,2017/07/07,A,v2,13.3,0,0.1,10
615,2017/07/07,A,v3,6.3,0,0,7
616,2017/07/07,B,v2,2.5,0,0,10
617,2017/07/07,B,v4,1.2,0,0,7
618,2017/07/07,B,v3,0.7,0,0,10
619,2017/07/07,C,v1,3.1,5.5,0.7,0
620,2017/07/07,E,v1,10.2,40.9,3.4,0
621,2017/07/07,F,v1,23.3,26.5,2.7,0
622,2017/07/07,F,v2,1.2,0,0,10
623,2017/07/10,A,v3,17.5,0,0.1,8
624,2017/07/10,B,v2,7.5,0,0.1,7.5
625,2017/07/10,B,v4,2.5,0,0.1,7
626,2017/07/10,B,v3,1.7,0,0.1,9
627,2017/07/10,C,v1,1.1,3.5,0.2,0
628,2017/07/10,E,v1,10.8,23.4,6,0
629,2017/07/10,F,v1,10.4,7.4,2.8,0
630,2017/07/10,F,v2,2.5,0,0.1,10
631,2017/07/12,A,v2,16.6,0,0.1,7
632,2017/07/12,A,v3,5.1,0,0.1,7
633,2017/07/12,B,v2,4.4,0,0.1,9
634,2017/07/12,B,v4,1.9,0,0.1,7.5
635,2017/07/12,B,v3,0.9,0,0,10
636,2017/07/12,E,v1,8.8,37.4,5.8,0
637,2017/07/12,F,v1,22.2,38.1,7,0
638,2017/07/12,F,v2,2.8,0,0.1,10
639,2017/07/14,A,v2,19.1,0,0.2,8.5
640,2017/07/14,A,v3,3.2,0,0,7.5
641,2017/07/14,B,v2,7.5,0,0.1,8
642,2017/07/14,B,v4,2.1,0,0.1,7
643,2017/07/14,B,v3,1,0,0.1,10
644,2017/07/14,C,v1,0.7,1.2,0.2,9
645,2017/07/14,E,v1,12.2,45.1,10.3,0
646,2017/07/14,F,v1,10,17.2,2.5,0
647,2017/07/14,F,v2,1.1,0,0.1,10
648,2017/07/17,A,v2,13.8,0,0.2,8
649,2017/07/17,A,v3,3.5,0,0.1,10
650,2017/07/17,B,v2,11.7,0,0.2,9
651,2017/07/17,B,v4,6.5,0,0.1,8
652,2017/07/17,B,v3,2.5,0,0.1,8.5
653,2017/07/17,E,v1,11.1,58.6,11.7,0
654,2017/07/17,F,v1,12.5,18.5,2.8,0
655,2017/07/17,F,v2,1.2,0,0,10
656,2017/07/19,A,v2,6.5,0,0.1,0
657,2017/07/19,A,v3,3.2,0,0.1,10
658,2017/07/19,B,v2,8.5,0,0.2,8
659,2017/07/19,B,v4,5.7,0,0.1,7.5
660,2017/07/19,B,v3,1.3,0,0.1,10
661,2017/07/19,E,v1,15.3,52.5,11.2,0
662,2017/07/19,F,v1,12,16.8,2,0
663,2017/07/19,F,v2,0.6,0,0,0
664,2017/07/21,A,v2,5.5,0,0.1,9
665,2017/07/21,A,v3,3.9,0,0.1,8.5
666,2017/07/21,B,v2,6.3,0,0.1,8
667,2017/07/21,B,v4,4.8,0,0.1,9
668,2017/07/21,B,v3,1,0,0.1,10
669,2017/07/21,F,v2,0.9,0,0,10
670,2017/07/22,E,v1,20.5,60.2,6.6,7
671,2017/07/22,F,v1,10.5,17.5,4.5,0
672,2017/07/24,A,v2,8.5,0,0.1,9.5
673,2017/07/24,A,v3,12.9,0,0.1,10
674,2017/07/24,B,v2,6.5,0,0.2,10
675,2017/07/24,B,v4,4.8,0,0.1,9.5
676,2017/07/24,B,v3,1.1,0,0.1,10
677,2017/07/24,E,v1,15,36.8,18.5,7
678,2017/07/24,F,v1,3.2,6.4,2.6,0
679,2017/07/24,F,v2,2.6,0,0.1,10.5
680,2017/07/25,D,v1,3,17.4,4.9,6.5
681,2017/07/26,A,v2,15.9,0,0.2,8
682,2017/07/26,A,v3,4.5,0,0.1,8
683,2017/07/26,B,v2,4.9,0,0.1,9
684,2017/07/26,B,v4,3.4,0,0.1,8
685,2017/07/26,B,v3,0.8,0,0,9
686,2017/07/26,D,v1,15.8,11.7,1.8,0
687,2017/07/26,E,v1,10.5,41.1,12.2,9
688,2017/07/26,F,v1,3.3,5.8,1.4,0
689,2017/07/26,F,v2,2,0,0.1,10
690,2017/07/28,A,v2,12.3,0,0.1,8
691,2017/07/28,A,v3,1.2,0,0.1,10
692,2017/07/28,B,v2,3.7,0,0.2,10
693,2017/07/28,B,v4,1.5,0,0.1,7
694,2017/07/28,B,v3,0.3,0,0.1,10
695,2017/07/28,D,v1,38.7,61.6,33.2,0
696,2017/07/28,E,v1,7.6,31.2,13.5,0
697,2017/07/28,F,v1,2.7,3,0.9,0
698,2017/07/28,F,v2,1.4,0,0,8
699,2017/07/31,A,v2,2.2,0,0.1,9
700,2017/07/31,A,v3,1.9,0,0,7
701,2017/07/31,B,v2,4.2,0,0.2,9
702,2017/07/31,B,v4,2.8,0,0.1,7
703,2017/07/31,B,v3,1.4,0,0,9
704,2017/07/31,D,v1,39.3,180.3,28,0
705,2017/07/31,E,v1,3.5,21,16.9,8
706,2017/07/31,F,v1,1.5,1.8,1.2,7.5
707,2017/07/31,F,v2,1,0,0.1,9
708,2017/08/02,A,v2,3.5,0,0.1,7.5
709,2017/08/02,A,v3,1,0,0.1,10
710,2017/08/02,B,v2,4.3,0,0.2,9
711,2017/08/02,B,v4,6.6,0,0.1,8
712,2017/08/02,B,v3,3,0,0.1,8.5
713,2017/08/02,D,v1,31.4,92.9,14.4,0
714,2017/08/02,E,v1,0.4,5.2,1,0
715,2017/08/02,F,v1,0.2,0.7,0.1,0
716,2017/08/02,F,v2,0.5,0,0.1,9
717,2017/08/04,A,v2,3.2,0,0.1,8
718,2017/08/04,A,v3,2.8,0,0.1,8.5
719,2017/08/04,B,v2,8,0,0.1,8.5
720,2017/08/04,B,v4,3.4,0,0.1,8
721,2017/08/04,B,v3,1.1,0,0.1,10
722,2017/08/04,D,v1,29.2,33.8,11.6,0
723,2017/08/04,E,v1,1.5,9.9,4.5,0
724,2017/08/04,F,v1,0.7,1.3,1,0
725,2017/08/04,F,v2,0.6,0,0,8
726,2017/08/07,A,v2,6.3,0,0.2,10
727,2017/08/07,A,v3,2,0,0.1,9.5
728,2017/08/07,B,v2,12.5,0,0.1,10
729,2017/08/07,B,v4,2,0,0.1,5
730,2017/08/07,B,v3,0.8,0,0.1,10
731,2017/08/07,D,v1,16,25.9,8.3,0
732,2017/08/07,E,v1,1,10.9,5,0
733,2017/08/07,F,v1,0.5,1.2,0.8,10
734,2017/08/07,F,v2,0.9,0,0.1,8
735,2017/08/09,A,v2,5.6,0,0.1,8
736,2017/08/09,A,v3,2.4,0,0.1,8
737,2017/08/09,B,v2,4.4,0,0.1,8.5
738,2017/08/09,B,v4,1,0,0.1,6
739,2017/08/09,B,v3,0.4,0,0.1,9
740,2017/08/09,D,v1,13,7,2.3,0
741,2017/08/09,E,v1,1,7,2,8
742,2017/08/09,F,v1,0.7,1.1,0.3,0
743,2017/08/09,F,v2,0.7,0,0.1,9
744,2017/08/11,A,v2,2.7,0,0.1,0
745,2017/08/11,A,v3,3.3,0,0.1,0
746,2017/08/11,B,v2,2.1,0,0.1,8.5
747,2017/08/11,B,v4,0.8,0,0.1,7
748,2017/08/11,B,v3,0.2,0,0.1,9
749,2017/08/11,D,v1,7.2,4.7,0.5,8
750,2017/08/11,E,v1,0.4,3,1.5,6.5
751,2017/08/11,F,v1,0.4,1.5,1.3,0
752,2017/08/11,F,v2,0.5,0,0.1,10
753,2017/08/14,A,v2,5.5,0,0.1,8
754,2017/08/14,A,v3,5,0,0.1,8
755,2017/08/14,B,v2,1.5,0,0.1,8
756,2017/08/14,B,v4,0.7,0,0.1,7
757,2017/08/14,B,v3,0.1,0,0,10
758,2017/08/14,D,v1,20.1,9.7,2.1,0
759,2017/08/14,E,v1,0.7,0.7,2,7
760,2017/08/16,A,v2,6.7,0,0.1,10
761,2017/08/16,A,v3,1.1,0,0.1,8
762,2017/08/16,B,v2,0.9,0,0.1,10
763,2017/08/16,B,v4,0.5,0,0.1,7
764,2017/08/16,B,v3,0.2,0,0.1,10
765,2017/08/16,D,v1,10.6,5.5,0.2,0
766,2017/08/16,E,v1,0.4,0.8,0.4,0
767,2017/08/18,A,v2,5.5,0,0.5,0
768,2017/08/18,A,v3,0.4,0,0.1,0
769,2017/08/18,D,v1,7,4.7,0.1,0
770,2017/08/18,E,v1,0.5,0.8,0.5,0
771,2017/08/21,A,v2,2.3,0,0.4,9
772,2017/08/21,A,v3,0.3,0,0.1,8.5
773,2017/08/21,D,v1,23.7,10.4,0.5,0
774,2017/08/21,E,v1,0.6,1.4,0.5,0
775,2017/08/23,A,v2,0.7,0,0.2,9
776,2017/08/23,A,v3,0.3,0,0.1,10
777,2017/08/23,D,v1,18.2,6,0.7,0
778,2017/08/23,E,v1,0.4,1,0.4,0
779,2017/08/25,A,v2,0.5,0,0.1,10
780,2017/08/25,A,v3,2,0,0,10
781,2017/08/25,D,v1,8.7,3.5,0.1,0
782,2017/08/25,E,v1,0.5,0.8,0.1,0
783,2017/08/28,A,v2,0.5,0,0.1,10
784,2017/08/28,A,v3,2,0,0.1,8
785,2017/08/28,D,v1,13.5,5.7,0.3,0
786,2017/08/28,E,v1,0.6,2,0,0
787,2017/08/30,A,v2,0.5,0,0.1,10
788,2017/08/30,A,v3,1,0,0,7
789,2017/08/30,D,v1,4.7,0.7,0.6,0
790,2017/08/30,E,v1,0.2,0.2,0.3,0
791,2017/09/01,A,v2,0.8,0,0.1,9
792,2017/09/01,A,v3,1,0,0,8
793,2017/09/01,D,v1,5.5,1.4,0.1,0
794,2017/09/04,A,v2,0.5,0,0.1,10
795,2017/09/04,A,v3,2.6,0,0,10
796,2017/09/04,D,v1,2.5,1.1,0.3,7.5
797,2017/09/06,A,v2,0.8,0,0.1,8
798,2017/09/06,A,v3,1.8,0,0.1,9.5
799,2017/09/06,D,v1,2.3,2.6,0.2,0
800,2017/09/08,A,v2,0.5,0,0.3,9
801,2017/09/08,A,v3,0.7,0,0.1,8
802,2017/09/08,D,v1,4,4.5,0.4,0
803,2017/09/11,A,v2,0.5,0,0.1,9
804,2017/09/11,A,v3,0.6,0,0.1,8
805,2017/09/11,D,v1,11.5,11,2.8,0
806,2017/09/13,A,v2,0.3,0,0.1,8.5
807,2017/09/13,A,v3,1.7,0,0.1,10.5
808,2017/09/13,D,v1,2.8,9,0.2,0
809,2017/09/15,A,v2,1,0,0.2,9
810,2017/09/15,A,v3,2.3,0,0.1,9
811,2017/09/15,D,v1,21.4,32.7,2.5,8